Performance,Gender,Caste,coaching,time,Class_ten_education,twelve_education,medium,Class_ X_Percentage,Class_XII_Percentage,Father_occupation,Mother_occupation,mixed_type_col
Excellent,male,General,NO, one ,SEBA,AHSEC,ENGLISH,Excellent,Excellent,DOCTOR,OTHERS,unknown
Excellent, MALE ,OBC,WA,TWO,SEBA,AHSEC,OTHERS,Excellent,Excellent,SCHOOL_TEACHER,HOUSE_WIFE,666
Excellent,male,OBC,OA,TWO, others ,CBSE,ENGLISH,Excellent,Excellent,BUSINESS,HOUSE_WIFE,unknown
Excellent,male,General,WA, one ,SEBA,AHSEC,OTHERS,Excellent, eXCELLENT ,SCHOOL_TEACHER, school_teacher ,275
Excellent,male,General,OA, two ,,CBSE,ENGLISH,Excellent,Excellent,COLLEGE_TEACHER,HOUSE_WIFE,6
Excellent,male,General,WA,TWO,CBSE,CBSE,ENGLISH,Excellent, eXCELLENT ,COLLEGE_TEACHER,HOUSE_WIFE,73
Excellent,female,General,OA,ONE,CBSE,CBSE,ENGLISH,Excellent,Excellent,DOCTOR,DOCTOR,344
Excellent,male,OBC,NO,ONE,SEBA,AHSEC,ENGLISH,Excellent,Excellent,OTHERS,HOUSE_WIFE,681
Excellent,female,General,NO,ONE,SEBA,AHSEC,ENGLISH,Excellent,Excellent,BUSINESS,HOUSE_WIFE,440
Excellent,female,General,OA,TWO,CBSE,CBSE,ENGLISH,Excellent,Excellent,COLLEGE_TEACHER,HOUSE_WIFE,618
Excellent,male,General,OA,ONE,CBSE,CBSE,ENGLISH,Excellent,Excellent,BUSINESS,HOUSE_WIFE,bad
Excellent,male,General,NO,ONE,CBSE,CBSE, english ,Excellent,Excellent,DOCTOR, doctor ,
Excellent,female,General,WA,TWO,SEBA,AHSEC,ENGLISH,Excellent,Excellent,BANK_OFFICIAL,SCHOOL_TEACHER,748
Excellent,male,General,NO,TWO, seba ,AHSEC,ENGLISH, eXCELLENT ,Excellent, business ,HOUSE_WIFE,723
Excellent,male,General,WA,ONE,SEBA,CBSE,ENGLISH,Excellent,Excellent,OTHERS, house_wife ,
Excellent,male,General,WA,TWO,CBSE,CBSE,ENGLISH,Excellent,Excellent,OTHERS, house_wife ,825
Excellent,male,General,NO,ONE,CBSE,CBSE,ENGLISH,Excellent,Excellent,OTHERS,COLLEGE_TEACHER,unknown
Excellent,female,General,OA,TWO,CBSE,CBSE,ENGLISH,Excellent,Excellent,ENGINEER,HOUSE_WIFE,704
Excellent,male,General,WA,TWO,SEBA,AHSEC,ENGLISH,Excellent,Excellent,SCHOOL_TEACHER,SCHOOL_TEACHER,350
Excellent,male,General,OA,ONE,SEBA,CBSE,ENGLISH,Excellent,Excellent,BUSINESS,SCHOOL_TEACHER,872
Excellent,female,OBC, no ,ONE,SEBA,AHSEC,ASSAMESE,Excellent,Excellent,COLLEGE_TEACHER,COLLEGE_TEACHER,bad
Excellent, MALE ,General,NO,ONE,SEBA,AHSEC,OTHERS,Vg,Vg,BANK_OFFICIAL,SCHOOL_TEACHER,bad
Excellent,male,General,WA,ONE,SEBA,AHSEC,ENGLISH,Excellent,Excellent,COLLEGE_TEACHER,SCHOOL_TEACHER,281
Excellent, MALE ,General,NO,ONE,OTHERS,CBSE,ENGLISH,Excellent,Excellent,ENGINEER,HOUSE_WIFE,
Excellent,male,General,OA,TWO,CBSE,CBSE,ENGLISH,Excellent,Excellent,BUSINESS,HOUSE_WIFE,
Excellent,female,General,WA,TWO,SEBA,AHSEC,ENGLISH,Excellent,Excellent,SCHOOL_TEACHER,OTHERS,531
Excellent,female,General,WA,TWO,SEBA,AHSEC,ENGLISH,Excellent,Excellent,COLLEGE_TEACHER,COLLEGE_TEACHER,bad
Excellent,male,General,OA,TWO,OTHERS,OTHERS,ENGLISH,Excellent,Vg,DOCTOR,OTHERS,627
Excellent,female,General, wa ,TWO,SEBA,AHSEC,ENGLISH,Excellent,Vg,OTHERS,COLLEGE_TEACHER,809
Excellent,female,General,NO, two ,SEBA,AHSEC,,Good,Vg,SCHOOL_TEACHER,HOUSE_WIFE,469
 eXCELLENT ,female,General,NO,ONE,CBSE,CBSE,ENGLISH,Excellent,Excellent,COLLEGE_TEACHER,SCHOOL_TEACHER,bad
Excellent,male,General,WA,TWO,SEBA,AHSEC,ENGLISH,Excellent,Excellent,ENGINEER,HOUSE_WIFE,bad
Excellent,female,General,NO,TWO,SEBA,AHSEC,ENGLISH,Excellent,Excellent,OTHERS,HOUSE_WIFE,217
Excellent,male,General,WA,TWO,SEBA,AHSEC,ASSAMESE,Excellent,Excellent,OTHERS,HOUSE_WIFE,862
Excellent,male,OBC,NO,ONE,CBSE,CBSE,ENGLISH,Excellent,Excellent,BUSINESS,OTHERS,17
Excellent,female,General,OA,TWO,CBSE,AHSEC,ENGLISH,Excellent,Excellent,BUSINESS,HOUSE_WIFE,bad
Excellent,male,General,OA,TWO,CBSE,CBSE,ENGLISH,Excellent,Excellent,DOCTOR,COLLEGE_TEACHER,unknown
Excellent, MALE ,General,WA,TWO,SEBA,AHSEC,ENGLISH,Excellent, eXCELLENT ,BUSINESS,HOUSE_WIFE,301
Excellent, MALE ,General,NO,TWO,CBSE,CBSE,ENGLISH,Excellent,Excellent,OTHERS,HOUSE_WIFE,933
Excellent,male,General,WA,TWO,CBSE,CBSE,ENGLISH,Excellent,Vg,ENGINEER,HOUSE_WIFE,662
Excellent,female,General,WA,TWO,SEBA,AHSEC,ENGLISH,Excellent,Excellent,DOCTOR,COLLEGE_TEACHER,138
 eXCELLENT ,male,General,WA,TWO, seba ,AHSEC,OTHERS,Good,Good,SCHOOL_TEACHER,SCHOOL_TEACHER,139
Excellent,male,General,WA,TWO, cbse ,CBSE,ENGLISH,Excellent,Excellent,BANK_OFFICIAL,HOUSE_WIFE,117
,female,General,OA,ONE,OTHERS,CBSE,ENGLISH,Excellent,Excellent,BUSINESS,HOUSE_WIFE,304
Excellent,male,SC,OA,TWO,CBSE,CBSE,ENGLISH,Excellent,Excellent,OTHERS,HOUSE_WIFE,68
Excellent,male,SC,WA,TWO,SEBA,AHSEC,OTHERS, eXCELLENT ,Vg,OTHERS,HOUSE_WIFE,unknown
Excellent,female,General,NO,TWO,CBSE,,ENGLISH,Excellent,Excellent,COLLEGE_TEACHER,SCHOOL_TEACHER,765
Excellent,female,General,WA,TWO,CBSE,CBSE,ENGLISH,Excellent,Excellent,OTHERS,SCHOOL_TEACHER,873
Excellent,female,General,WA,TWO,CBSE,CBSE,ENGLISH,Excellent,Excellent,OTHERS,OTHERS,bad
Excellent,male,General,WA,TWO,CBSE,CBSE,ENGLISH,Excellent,Excellent,DOCTOR,DOCTOR,unknown
Excellent,male,General,WA,TWO,CBSE,CBSE,ENGLISH,Excellent,Excellent,ENGINEER,HOUSE_WIFE,695
,male,OBC,WA,TWO,SEBA,CBSE,ENGLISH,Excellent,Excellent,ENGINEER,HOUSE_WIFE,943
Excellent, FEMALE ,General,WA,THREE,SEBA,AHSEC,OTHERS,Vg,Vg,OTHERS,HOUSE_WIFE,53
Excellent,female,General,WA,TWO,OTHERS, cbse ,ENGLISH,Excellent,Excellent,ENGINEER,HOUSE_WIFE,904
Excellent,male,SC,OA,TWO,SEBA,AHSEC,ENGLISH,Good,Good,BUSINESS,HOUSE_WIFE,723
 eXCELLENT ,male,General,WA,THREE,SEBA,AHSEC,ASSAMESE,Excellent,Good,COLLEGE_TEACHER,HOUSE_WIFE,386
Excellent,male,General,NO,TWO,CBSE,CBSE,ENGLISH,Excellent,Good,BANK_OFFICIAL,HOUSE_WIFE,448
Excellent,male,General,OA,TWO,SEBA,AHSEC,ENGLISH,Excellent,Vg,SCHOOL_TEACHER,HOUSE_WIFE,438
Excellent,female,General,WA,TWO,SEBA,AHSEC,ASSAMESE,Excellent,Excellent,BUSINESS,HOUSE_WIFE,bad
Excellent,male,General,WA, two ,SEBA,AHSEC,OTHERS,Excellent,Excellent,OTHERS,HOUSE_WIFE,230
Excellent,male,General,WA,TWO,CBSE,CBSE,ENGLISH,Excellent,Excellent,DOCTOR,SCHOOL_TEACHER,295
Excellent,female,General,WA,TWO,CBSE,CBSE,ENGLISH,Excellent,Excellent,ENGINEER,HOUSE_WIFE,5
Excellent,male,General,WA, two ,,AHSEC,ENGLISH,Excellent,Excellent,ENGINEER,COLLEGE_TEACHER,bad
Excellent,female,General,WA,TWO,CBSE, cbse ,ENGLISH,Excellent, eXCELLENT ,OTHERS,OTHERS,476
Excellent,female,General,WA,TWO,SEBA,AHSEC,ENGLISH,Excellent, eXCELLENT ,ENGINEER,HOUSE_WIFE,329
Excellent,male,OBC,WA,ONE,SEBA,AHSEC,ASSAMESE,Average,Average,BUSINESS, others ,176
Excellent,male,,NO,TWO,CBSE,AHSEC,ENGLISH,Excellent,Excellent,OTHERS,HOUSE_WIFE,969
Excellent, MALE ,OBC,NO,ONE,CBSE,CBSE,ENGLISH, eXCELLENT ,Excellent,OTHERS,HOUSE_WIFE,bad
Excellent,female,General,WA,TWO,CBSE,CBSE,ENGLISH,Excellent, eXCELLENT ,OTHERS,HOUSE_WIFE,bad
 eXCELLENT ,female,General,OA, two ,CBSE,CBSE,ENGLISH,Excellent, eXCELLENT ,OTHERS,HOUSE_WIFE,722
Excellent,male,OBC,WA,TWO,SEBA,AHSEC,OTHERS,Good,Good,OTHERS,HOUSE_WIFE,372
Excellent,male,General,WA,ONE,OTHERS,OTHERS,ENGLISH,Excellent,Good,OTHERS,OTHERS,215
Excellent,male,OBC,OA,TWO,OTHERS,OTHERS,OTHERS,Vg,Vg,BUSINESS, house_wife ,673
Excellent,male,General,WA,THREE,SEBA,AHSEC,ASSAMESE,Vg,Good,OTHERS,SCHOOL_TEACHER,770
Excellent,male,General,OA,TWO,CBSE,CBSE,ENGLISH,Excellent,Vg,SCHOOL_TEACHER,SCHOOL_TEACHER,
Excellent,male,General,WA,ONE,CBSE,CBSE,ENGLISH,Excellent,Excellent,OTHERS,COLLEGE_TEACHER,
Excellent,female,General,WA, three ,SEBA,AHSEC,OTHERS,Excellent,Excellent,SCHOOL_TEACHER,HOUSE_WIFE,2
Excellent,male,General,OA,TWO,CBSE,CBSE,ENGLISH,Excellent,Excellent,OTHERS, house_wife ,637
Excellent,female,General,WA,TWO,CBSE,CBSE,ENGLISH,Excellent,Excellent,DOCTOR,OTHERS,618
Excellent,male,General,WA,TWO,SEBA, ahsec ,ENGLISH,Excellent,Excellent,OTHERS,SCHOOL_TEACHER,412
Excellent,female,General,WA,TWO,CBSE,CBSE,ENGLISH,Excellent,Vg,OTHERS,HOUSE_WIFE,243
 eXCELLENT ,male,General,OA,ONE,SEBA,CBSE,ENGLISH,Excellent,Excellent,DOCTOR,HOUSE_WIFE,
Excellent,male,General,OA,TWO,CBSE,CBSE,ENGLISH,Excellent,Excellent,OTHERS,HOUSE_WIFE,
Excellent,male,General,WA,ONE,OTHERS,CBSE,ENGLISH,Excellent,Excellent,DOCTOR,HOUSE_WIFE,272
Excellent,female,OBC,WA,TWO,SEBA,CBSE,ENGLISH, eXCELLENT ,Excellent,SCHOOL_TEACHER,HOUSE_WIFE,706
Excellent,male,General,NO,ONE,SEBA,AHSEC,OTHERS,Average,Good,OTHERS,HOUSE_WIFE,481
Excellent,male,OBC,WA,TWO,SEBA,AHSEC,ENGLISH,Excellent,Excellent,OTHERS,HOUSE_WIFE,
Excellent,female,OBC,WA,TWO,CBSE,CBSE,ENGLISH,Excellent,Excellent,OTHERS,HOUSE_WIFE,648
Excellent,female,General,WA,ONE,, cbse ,ENGLISH,Excellent,Excellent,OTHERS,SCHOOL_TEACHER,368
Excellent,male,General,OA,TWO,SEBA,CBSE,ENGLISH,Excellent,Excellent,ENGINEER,HOUSE_WIFE,152
Excellent,male,General,WA,TWO,SEBA,AHSEC,OTHERS,Good,Excellent,CULTIVATOR, house_wife ,167
Excellent,male,General,OA,TWO,SEBA,CBSE,ENGLISH,Excellent,Excellent, business ,HOUSE_WIFE,939
Excellent,male,General,WA,THREE,SEBA,CBSE,ENGLISH,Vg,Good,OTHERS,OTHERS,505
Excellent,female,General,WA,TWO,SEBA,AHSEC,ASSAMESE,Good,Average,SCHOOL_TEACHER,SCHOOL_TEACHER,417
Excellent,male,General,WA,TWO,SEBA,AHSEC,ENGLISH,Excellent,Excellent,ENGINEER,,unknown
Excellent,female,General,WA,TWO,CBSE,CBSE,ENGLISH,Excellent,Excellent,OTHERS,HOUSE_WIFE,721
Excellent,male,General,OA,TWO,SEBA,AHSEC,ENGLISH,Excellent,Excellent,ENGINEER,HOUSE_WIFE,912
Excellent,female,OBC, wa ,TWO,SEBA,AHSEC,ENGLISH,Excellent,Excellent,OTHERS,OTHERS,unknown
Excellent, MALE ,General,NO,ONE,CBSE,CBSE,ENGLISH, vG ,Vg,OTHERS,HOUSE_WIFE,534
Excellent,female,OBC,WA,ONE,SEBA,AHSEC,ENGLISH,Excellent,Excellent,OTHERS,COLLEGE_TEACHER,475
Excellent,female,General,WA,TWO,SEBA,AHSEC,ENGLISH,Excellent,Excellent,COLLEGE_TEACHER,SCHOOL_TEACHER,865
Vg,female,General,WA,TWO,SEBA,CBSE,ENGLISH,Excellent,Excellent,DOCTOR,DOCTOR,856
Vg,male,General,WA,TWO,CBSE,CBSE,ENGLISH,Excellent,Excellent,OTHERS,HOUSE_WIFE,
Vg,female,General,WA,TWO,SEBA,AHSEC,OTHERS,Excellent,Excellent,BANK_OFFICIAL,BANK_OFFICIAL,964
Vg,male,General,WA,,CBSE,CBSE,ENGLISH,Excellent,Vg, bank_official ,HOUSE_WIFE,827
Vg,male,General,NO,ONE, others ,CBSE,ENGLISH,Excellent,Excellent,OTHERS,COLLEGE_TEACHER,846
Vg,female,General,WA,ONE,CBSE,CBSE,ENGLISH,Vg,Vg,BUSINESS,HOUSE_WIFE,56
Vg,male,General,WA,ONE,SEBA, ahsec ,ENGLISH,Excellent,Excellent,OTHERS,HOUSE_WIFE,130
Vg,male,General,WA, two ,SEBA,AHSEC,OTHERS,Vg,Excellent,BUSINESS,HOUSE_WIFE,
Vg,female,General,WA,,SEBA,AHSEC,ENGLISH,Excellent,Excellent,OTHERS,HOUSE_WIFE,bad
 vG ,male,General,NO,ONE,SEBA,CBSE,ENGLISH,Good,Good,OTHERS,HOUSE_WIFE,bad
Vg,male,General,WA, two ,SEBA,AHSEC,ENGLISH,Excellent,Vg,SCHOOL_TEACHER,HOUSE_WIFE,82
Vg,female,General,WA,ONE,CBSE, cbse ,ENGLISH, NAN ,Excellent,OTHERS,SCHOOL_TEACHER,31
Vg,male,General,WA,FOUR,CBSE,CBSE,ENGLISH,Vg,Vg,COLLEGE_TEACHER,COLLEGE_TEACHER,
Vg,male,General,WA,THREE,SEBA,AHSEC,ENGLISH,Excellent,Excellent,BUSINESS,HOUSE_WIFE,918
Vg,female, gENERAL ,WA,TWO,CBSE,CBSE,ENGLISH,Excellent,Excellent,SCHOOL_TEACHER,SCHOOL_TEACHER,721
Vg,female,OBC,WA,THREE, seba ,AHSEC,ENGLISH,Vg,Vg,ENGINEER,HOUSE_WIFE,
Vg,male,General,WA,THREE,CBSE,CBSE,ENGLISH,Excellent,Excellent,OTHERS,HOUSE_WIFE,292
Vg,male,General,WA,TWO,SEBA,AHSEC, english ,Excellent,Excellent,SCHOOL_TEACHER,HOUSE_WIFE,625
Vg,male,General,WA,THREE,SEBA,AHSEC,OTHERS,Excellent,Good,SCHOOL_TEACHER,HOUSE_WIFE,bad
Vg,male,General,NO,ONE,CBSE,CBSE,ENGLISH,Excellent,Excellent,COLLEGE_TEACHER,HOUSE_WIFE,532
Vg,female,OBC,WA,TWO,OTHERS,CBSE, english ,Excellent,Excellent,ENGINEER, house_wife ,856
Vg,female,General,NO,ONE,SEBA,AHSEC,ENGLISH,Excellent,Excellent,OTHERS,HOUSE_WIFE,569
Vg,female,General,WA,TWO,CBSE,CBSE,ENGLISH,Excellent,Excellent,COLLEGE_TEACHER,SCHOOL_TEACHER,bad
Vg,female,General,WA,TWO,SEBA,AHSEC,ENGLISH,Good,Vg, college_teacher ,HOUSE_WIFE,638
Vg,female,General,WA,TWO,SEBA,AHSEC,OTHERS,Excellent,Excellent,DOCTOR,HOUSE_WIFE,bad
Vg,female,OBC,OA,TWO,CBSE,CBSE,ENGLISH,Excellent,Excellent,BUSINESS,BUSINESS,826
Vg,male,OBC,WA,TWO,SEBA,AHSEC,OTHERS,Excellent,Excellent,OTHERS, others ,498
Vg,female,General,WA,TWO,SEBA,AHSEC,OTHERS,Excellent,Excellent, college_teacher ,,596
Vg, MALE ,General,NO, three ,SEBA,AHSEC,OTHERS,Vg,Vg,CULTIVATOR,HOUSE_WIFE,975
Vg,female,OBC,WA,THREE,CBSE,AHSEC,ENGLISH,Excellent,Vg,SCHOOL_TEACHER,HOUSE_WIFE,748
Vg,male,General,WA,TWO,SEBA,AHSEC,OTHERS,Good,Vg,BUSINESS,HOUSE_WIFE,502
 vG ,,General,NO,ONE,SEBA,AHSEC,ENGLISH,Excellent,Excellent,DOCTOR,DOCTOR,280
Vg,male,SC,WA,TWO,SEBA,AHSEC,ENGLISH,Excellent,Excellent, others ,HOUSE_WIFE,905
Vg,female,General,NO,TWO,CBSE,CBSE,ENGLISH,Excellent,Excellent, others ,HOUSE_WIFE,
Vg,female,General,WA,TWO,,AHSEC,ASSAMESE, eXCELLENT ,Excellent,SCHOOL_TEACHER,HOUSE_WIFE,bad
Vg,male,General,WA,TWO,SEBA, ahsec ,OTHERS,Excellent,Excellent,SCHOOL_TEACHER,HOUSE_WIFE,31
Vg,male,General,NO,ONE,CBSE,CBSE,ENGLISH,Excellent,Excellent,OTHERS,SCHOOL_TEACHER,115
Vg,female,OBC,NO,TWO,CBSE,CBSE,ENGLISH,Excellent,Excellent,OTHERS,HOUSE_WIFE,386
Vg,female,General,WA,TWO,CBSE,AHSEC,ENGLISH,Excellent,Excellent,OTHERS,HOUSE_WIFE,159
Vg,male,General,WA,TWO,SEBA,AHSEC,ENGLISH,Excellent,Vg,BUSINESS,HOUSE_WIFE,882
Vg,male,OBC,WA,ONE,CBSE,CBSE,ENGLISH,Excellent,Excellent,OTHERS,HOUSE_WIFE,914
Vg,male,OBC,NO,ONE,CBSE,CBSE,ENGLISH,Excellent,Excellent,OTHERS,COLLEGE_TEACHER,180
Vg,male,OBC,WA,ONE,SEBA,AHSEC, others ,Excellent,Excellent,SCHOOL_TEACHER,HOUSE_WIFE,829
 vG ,female,General, wa ,TWO,SEBA,AHSEC,ENGLISH,Excellent,Excellent,SCHOOL_TEACHER,SCHOOL_TEACHER,
Vg,female,General,WA,TWO,SEBA,AHSEC,ENGLISH,Excellent,Excellent,OTHERS,COLLEGE_TEACHER,787
Vg,male,OBC,NO,ONE,CBSE, cbse ,ENGLISH,Excellent,Excellent, business ,HOUSE_WIFE,365
Vg,male,General,WA, three ,CBSE,CBSE,ENGLISH,Vg,Vg,OTHERS,HOUSE_WIFE,40
Vg,male,General,WA,TWO,CBSE,CBSE,ENGLISH,Excellent,Excellent,SCHOOL_TEACHER,HOUSE_WIFE,428
Vg,female,General,WA,ONE,SEBA,AHSEC,ENGLISH,Excellent,Excellent,OTHERS,HOUSE_WIFE,822
Vg,female,General,WA,ONE,CBSE,CBSE,ENGLISH,Excellent,Excellent,COLLEGE_TEACHER,COLLEGE_TEACHER,933
Vg,male,General,WA,THREE,CBSE,CBSE,ENGLISH,Vg,Good,SCHOOL_TEACHER,HOUSE_WIFE,
Vg,female,General,NO,ONE, cbse ,CBSE,ENGLISH,Excellent,Excellent,OTHERS, house_wife ,836
Vg,female,General,OA,THREE,CBSE,CBSE,ENGLISH,Excellent,Good,OTHERS,HOUSE_WIFE,293
Vg,male,General,WA,TWO,SEBA,,ASSAMESE,Excellent,Vg,COLLEGE_TEACHER,SCHOOL_TEACHER,464
Vg,female,General,WA,ONE,OTHERS,CBSE,ENGLISH,Excellent,Excellent,DOCTOR,DOCTOR,unknown
Vg,male,General,OA,ONE,OTHERS,OTHERS,ENGLISH,Vg,Excellent,COLLEGE_TEACHER,SCHOOL_TEACHER,bad
Vg,female,General,NO,ONE,SEBA,AHSEC, english ,Excellent,Excellent,OTHERS,HOUSE_WIFE,unknown
Vg,female,OBC,WA,TWO,SEBA,AHSEC,ENGLISH,Excellent,Excellent,DOCTOR,OTHERS,642
Vg,female,OBC,OA,TWO,CBSE,CBSE,ENGLISH, eXCELLENT ,Excellent,OTHERS,HOUSE_WIFE,727
Vg,female,General,WA,ONE,CBSE,CBSE,ENGLISH,Excellent,Excellent,ENGINEER,HOUSE_WIFE,873
Vg,female,SC,WA,TWO,CBSE,CBSE,ENGLISH,Excellent,Excellent,ENGINEER,HOUSE_WIFE,bad
Vg,,General,WA,TWO,SEBA,CBSE,ENGLISH,Good,Good,SCHOOL_TEACHER,HOUSE_WIFE,
Vg,male,General,NO,ONE,SEBA,AHSEC,ENGLISH,Excellent,Excellent,OTHERS,HOUSE_WIFE,bad
Vg,male, obc , wa ,TWO,SEBA,AHSEC,ENGLISH,Excellent,Excellent,OTHERS,HOUSE_WIFE,488
Vg,male,General,WA,THREE,SEBA,AHSEC,ENGLISH,Excellent,Vg,BUSINESS,SCHOOL_TEACHER,
Vg,female,General, wa ,TWO,SEBA,AHSEC,OTHERS,Excellent,Good,OTHERS,SCHOOL_TEACHER,unknown
Vg,male, sc , no ,ONE,SEBA,AHSEC,ENGLISH,Excellent,Excellent,BUSINESS,SCHOOL_TEACHER,661
Vg,female,OBC,WA,TWO,SEBA, ahsec ,ENGLISH,Excellent,Excellent,OTHERS,HOUSE_WIFE,8
Vg,female,OBC,WA,TWO,SEBA, ahsec ,ENGLISH,Excellent,Excellent,OTHERS,HOUSE_WIFE,792
Vg,female,General,NO,THREE,SEBA,AHSEC,ENGLISH,Excellent,Vg,OTHERS,HOUSE_WIFE,705
Vg,male,OBC,NO,ONE,CBSE,AHSEC,ENGLISH,Excellent,Excellent,SCHOOL_TEACHER,HOUSE_WIFE,815
Vg,male,General,OA,TWO,CBSE,CBSE,ENGLISH,Excellent,Excellent,OTHERS,SCHOOL_TEACHER,118
Vg,male,OBC,WA,TWO,SEBA,AHSEC,OTHERS,Excellent,Vg,BUSINESS,HOUSE_WIFE,unknown
Vg,male,General,NO,ONE,SEBA,AHSEC,OTHERS,Excellent,Excellent,SCHOOL_TEACHER,HOUSE_WIFE,bad
 vG ,male,General,NO,ONE,CBSE,AHSEC,ENGLISH,Excellent,Excellent,ENGINEER,HOUSE_WIFE,
Vg,male,SC,WA,TWO,CBSE,CBSE,ENGLISH,Excellent,Vg,SCHOOL_TEACHER,HOUSE_WIFE,696
Vg,male,OBC,WA,THREE,SEBA,AHSEC,ENGLISH,Excellent,Excellent, school_teacher ,HOUSE_WIFE,656
Vg,female,General,WA,TWO,CBSE,CBSE,ENGLISH,Excellent,Excellent,ENGINEER,COLLEGE_TEACHER,32
Vg,male,General,OA,TWO,CBSE,CBSE,ENGLISH,Excellent,Excellent,BUSINESS,HOUSE_WIFE,bad
Vg,female,General,WA,TWO,SEBA,AHSEC,OTHERS,Excellent,Excellent,SCHOOL_TEACHER,HOUSE_WIFE,448
Vg,female,General,WA,TWO,CBSE,CBSE,ENGLISH,Excellent,Excellent,ENGINEER,HOUSE_WIFE,
Vg,female,OBC,WA,TWO,SEBA,AHSEC, english ,Vg,Vg,COLLEGE_TEACHER,HOUSE_WIFE,684
Vg,female,General,WA,TWO,SEBA,AHSEC, assamese ,Excellent,Excellent,OTHERS,HOUSE_WIFE,74
Vg,female,General,WA,ONE,SEBA,AHSEC,ENGLISH,Excellent,Excellent,BUSINESS,HOUSE_WIFE,
Vg,male,General,WA,TWO,SEBA,AHSEC, english ,Excellent,Excellent,CULTIVATOR,HOUSE_WIFE,62
 vG ,female,OBC,WA,TWO,CBSE,CBSE,ENGLISH,Excellent,Excellent,OTHERS,OTHERS,
Vg,,General,WA,TWO,CBSE,CBSE,ENGLISH,Excellent,Excellent,DOCTOR,DOCTOR,216
Vg,female,General,WA,THREE,SEBA,AHSEC,OTHERS,Vg,Vg,OTHERS,HOUSE_WIFE,974
Vg,female,OBC, oa ,THREE,SEBA,AHSEC,ENGLISH,Good,Vg,OTHERS,HOUSE_WIFE,153
Vg,female,General,WA,TWO,SEBA,AHSEC,ENGLISH,Excellent,Excellent,OTHERS,HOUSE_WIFE,bad
Vg,male,General,WA,TWO,CBSE,CBSE,ENGLISH,Excellent,Excellent,OTHERS,HOUSE_WIFE,222
 vG ,male,OBC,WA,TWO,SEBA,AHSEC,ENGLISH,Excellent,Vg,OTHERS,HOUSE_WIFE,
Vg,male,OBC,NO,FOUR,SEBA,AHSEC,OTHERS,Vg,Vg,BUSINESS,HOUSE_WIFE,
Vg,male,OBC,WA,ONE,CBSE,CBSE,ENGLISH,Excellent,Excellent,DOCTOR, house_wife ,391
Vg,female,General,WA,TWO,SEBA,AHSEC,OTHERS,,Excellent,SCHOOL_TEACHER,HOUSE_WIFE,unknown
Vg,male,General,WA,ONE,CBSE,CBSE,ENGLISH,Excellent,Excellent,OTHERS,SCHOOL_TEACHER,unknown
Vg,female,General,WA,TWO,SEBA,AHSEC,ENGLISH,Excellent, vG ,BUSINESS,SCHOOL_TEACHER,872
Vg, MALE ,OBC,OA,TWO,SEBA,CBSE,ENGLISH,Vg,Excellent,BUSINESS,HOUSE_WIFE,
Vg,female,General,WA,TWO,SEBA,AHSEC,ENGLISH,Vg,Vg,OTHERS,HOUSE_WIFE,518
Vg,male,General,WA,TWO,SEBA,AHSEC,ENGLISH,Excellent,Excellent,BUSINESS,HOUSE_WIFE,303
Vg,male,General,WA,TWO, cbse ,CBSE,ENGLISH,Excellent,Excellent,OTHERS,OTHERS,261
Vg,female,General,NO,ONE,SEBA,AHSEC,ENGLISH,Excellent,Excellent,OTHERS, others ,bad
Vg,male,General,NO,ONE,SEBA,AHSEC,ENGLISH,Excellent,Excellent,ENGINEER,SCHOOL_TEACHER,608
Vg,female,OBC,WA,THREE,SEBA,AHSEC,ENGLISH,Excellent,Excellent,SCHOOL_TEACHER,OTHERS,908
Vg,male,General,WA,TWO,CBSE,CBSE,ENGLISH,Excellent, eXCELLENT ,OTHERS,HOUSE_WIFE,433
Vg,female,General,WA,TWO,SEBA,CBSE,ENGLISH,Excellent,Excellent,BUSINESS,HOUSE_WIFE,485
Vg,female, gENERAL ,WA,TWO,CBSE,CBSE,ENGLISH,Excellent,Excellent,COLLEGE_TEACHER,HOUSE_WIFE,unknown
Vg,male,General,WA,ONE, cbse ,CBSE,ENGLISH,Excellent,Excellent,BUSINESS,HOUSE_WIFE,bad
Vg,male,General,WA,ONE, seba ,AHSEC,ENGLISH,Excellent,Excellent,DOCTOR,HOUSE_WIFE,200
Vg,male,General,WA,TWO,CBSE,CBSE,ENGLISH,Excellent,Excellent,OTHERS,OTHERS,524
Vg,female,General,WA,TWO,SEBA, ahsec ,ENGLISH,Vg,Vg,OTHERS,HOUSE_WIFE,bad
Vg,female,OBC,WA,,CBSE,CBSE,ENGLISH,Excellent,Excellent,OTHERS,OTHERS,760
Vg,male,General,WA,TWO,CBSE,CBSE,ENGLISH,Excellent,Excellent,OTHERS,HOUSE_WIFE,29
Vg,female,SC,OA,TWO,SEBA,CBSE,ENGLISH,Excellent,Vg,OTHERS,BANK_OFFICIAL,unknown
Vg,male,General,WA,TWO,CBSE,CBSE,ENGLISH,Excellent,Excellent, bank_official ,HOUSE_WIFE,
Vg,female,General,WA,FOUR,CBSE,CBSE,ENGLISH,Excellent,Vg,BANK_OFFICIAL,BANK_OFFICIAL,23
Vg,male,General,WA,TWO,CBSE,CBSE,ENGLISH,Excellent,Excellent,BUSINESS,OTHERS,630
Vg,female,ST, wa ,TWO,SEBA,AHSEC,ENGLISH,Excellent,Excellent,OTHERS,HOUSE_WIFE,bad
Vg,female,General,WA,ONE,SEBA,AHSEC,ENGLISH,Excellent,Excellent,BANK_OFFICIAL,HOUSE_WIFE,360
Vg,male,General,WA,THREE,SEBA,AHSEC,OTHERS,Vg, vG ,OTHERS,HOUSE_WIFE,336
,female,General,OA,TWO,CBSE,CBSE,ENGLISH,Excellent,Excellent, others ,SCHOOL_TEACHER,
Vg,male,OBC,WA,TWO,CBSE,CBSE,ENGLISH,Excellent,Excellent,OTHERS,HOUSE_WIFE,917
Vg,male,General,WA,TWO,SEBA,AHSEC,OTHERS,Excellent,Vg,SCHOOL_TEACHER,HOUSE_WIFE,461
Vg, FEMALE ,General,WA,TWO,SEBA,,ENGLISH, eXCELLENT ,Excellent,OTHERS,COLLEGE_TEACHER,398
Vg,male,General,WA,ONE,CBSE,CBSE,ENGLISH,Excellent,Excellent,OTHERS,HOUSE_WIFE,92
Vg,female,General,WA,ONE,CBSE,CBSE,ENGLISH,Excellent,Excellent,OTHERS,HOUSE_WIFE,887
Vg,male,General,NO, one ,SEBA,AHSEC,ENGLISH,Excellent,Excellent,BUSINESS,HOUSE_WIFE,314
Vg,male,General,WA,TWO,CBSE,CBSE,ENGLISH,Excellent,Excellent,ENGINEER,HOUSE_WIFE,462
Vg,male,OBC,NO,ONE,SEBA,AHSEC,ENGLISH,Excellent,Excellent,COLLEGE_TEACHER,SCHOOL_TEACHER,unknown
Vg,female,General,WA,THREE,CBSE,CBSE,ENGLISH,Excellent,Excellent,SCHOOL_TEACHER,SCHOOL_TEACHER,288
Vg,female,SC,WA,TWO,SEBA,AHSEC,ASSAMESE,Excellent,Vg,OTHERS,OTHERS,553
Vg,male,OBC,WA,THREE,SEBA,AHSEC,OTHERS,Vg,Vg,CULTIVATOR,CULTIVATOR,900
Vg,male,General,WA,TWO,SEBA,AHSEC,OTHERS,Excellent,Excellent,OTHERS,HOUSE_WIFE,328
Vg,male,OBC,WA,TWO,SEBA, ahsec ,ENGLISH,Excellent,Excellent,SCHOOL_TEACHER,SCHOOL_TEACHER,bad
Vg,female,General,WA,TWO,SEBA,AHSEC,ENGLISH,Excellent,Excellent,OTHERS,HOUSE_WIFE,875
Vg,male,OBC,WA,THREE,SEBA,AHSEC,OTHERS,Vg,Excellent,SCHOOL_TEACHER,SCHOOL_TEACHER,360
Vg,male,OBC,WA,TWO,SEBA,AHSEC,OTHERS,Excellent,Excellent, cultivator ,SCHOOL_TEACHER,unknown
Vg,female,General,WA,ONE,CBSE,CBSE,ENGLISH,Excellent,Excellent,BUSINESS,BUSINESS,44
Vg,male,General,WA,TWO,SEBA,AHSEC,ENGLISH,Excellent,Excellent,BUSINESS,HOUSE_WIFE,907
Vg,male,General,WA,THREE,SEBA,AHSEC,ASSAMESE,Good,Good,,HOUSE_WIFE,
Vg,female,SC,WA,TWO,SEBA,AHSEC,ENGLISH,Excellent,Excellent,BANK_OFFICIAL,SCHOOL_TEACHER,215
Vg,male,ST,NO,TWO,SEBA,AHSEC,ENGLISH,Average,Average,OTHERS,HOUSE_WIFE,unknown
Vg,female,General,WA,THREE,SEBA,CBSE,ENGLISH,Excellent,Excellent,BUSINESS,HOUSE_WIFE,unknown
Vg,female,General,NO,ONE,SEBA,AHSEC,ENGLISH,Vg,Excellent,DOCTOR,SCHOOL_TEACHER,
Vg, FEMALE ,SC,WA,ONE,CBSE,CBSE,ENGLISH,Excellent,Excellent,OTHERS,HOUSE_WIFE,704
Vg,female,General,WA,ONE,CBSE,CBSE,ENGLISH,Excellent,Excellent,OTHERS, house_wife ,unknown
Vg,female,General,NO,ONE,SEBA,,ENGLISH,Excellent,Excellent,ENGINEER,ENGINEER,
Vg,male,OBC,WA,,CBSE,CBSE,ENGLISH,Excellent,Vg,OTHERS,OTHERS,307
Vg,male,OBC,NO,FOUR,CBSE, cbse ,ENGLISH, eXCELLENT ,Vg,OTHERS,HOUSE_WIFE,unknown
Vg,female,General,WA,TWO,SEBA, ahsec ,ENGLISH,Excellent,Excellent,OTHERS,HOUSE_WIFE,65
Vg,female,OBC,OA,ONE,CBSE,CBSE,ENGLISH,Excellent,,OTHERS,HOUSE_WIFE,unknown
Vg,female,OBC, wa ,ONE,SEBA,AHSEC,ENGLISH,Excellent,Excellent,SCHOOL_TEACHER,SCHOOL_TEACHER,264
Vg,male,OBC, no ,ONE,CBSE,CBSE,ENGLISH,Excellent,Excellent,DOCTOR,OTHERS,89
Vg,female,General,NO,ONE,SEBA,AHSEC,ENGLISH,Excellent,Excellent,ENGINEER,COLLEGE_TEACHER,408
Vg,male,OBC,WA,THREE,SEBA,AHSEC, english ,Vg,Vg,OTHERS,HOUSE_WIFE,
Vg,female,General, no ,ONE,SEBA,AHSEC,OTHERS,Excellent,Excellent,DOCTOR,DOCTOR,992
Vg,male,OBC,WA,TWO,CBSE,CBSE,ENGLISH,Excellent,Vg,OTHERS,HOUSE_WIFE,661
Vg,female,OBC,NO,THREE,CBSE,CBSE,ENGLISH,Excellent,Excellent,DOCTOR,HOUSE_WIFE,392
Vg,female,General,WA,TWO,SEBA,AHSEC,ENGLISH,Excellent,Vg,BUSINESS,HOUSE_WIFE,bad
Vg,male,General,WA, two ,SEBA,AHSEC,ASSAMESE,Excellent,Vg,OTHERS,HOUSE_WIFE,89
Vg,male,General,WA,TWO,SEBA, ahsec ,ENGLISH,Good,Good,BUSINESS,HOUSE_WIFE,386
Vg,female,SC, no ,TWO,CBSE,CBSE,ENGLISH,Excellent,Excellent,ENGINEER,OTHERS,581
Vg,female,SC,NO,ONE,CBSE,CBSE,ENGLISH,,Excellent,BANK_OFFICIAL,HOUSE_WIFE,20
Vg,male,General,WA,TWO,SEBA,AHSEC,OTHERS,Excellent,Vg,OTHERS,HOUSE_WIFE,919
Vg,female,General,WA,TWO,SEBA,AHSEC,ASSAMESE,Excellent,Excellent,SCHOOL_TEACHER,SCHOOL_TEACHER,515
Vg,female,OBC,NO,TWO,SEBA,AHSEC,ENGLISH,Excellent,Excellent,OTHERS,HOUSE_WIFE,bad
Vg,male,OBC,WA,ONE,SEBA,AHSEC,ENGLISH,Excellent,Excellent,OTHERS,HOUSE_WIFE,bad
Vg,female, obc ,WA,TWO,SEBA,AHSEC,ENGLISH,Vg,Excellent,OTHERS,HOUSE_WIFE,836
Vg,male,General,NO,ONE,CBSE,AHSEC,ENGLISH,Excellent,Excellent,SCHOOL_TEACHER,SCHOOL_TEACHER,366
Vg,female,General,WA,TWO,SEBA,AHSEC,ENGLISH,Excellent, vG ,OTHERS,HOUSE_WIFE,928
Vg, MALE ,General,WA,TWO,SEBA,AHSEC,ENGLISH,Excellent,Vg,ENGINEER,HOUSE_WIFE,
Vg,male,OBC,OA,ONE,CBSE, cbse ,ENGLISH,Excellent,Excellent,ENGINEER,ENGINEER,636
Vg,female,General,WA,TWO,SEBA,AHSEC,,Vg,Vg,BUSINESS,HOUSE_WIFE,203
Vg,female,General,WA,TWO,CBSE,CBSE,ENGLISH,Excellent,Excellent,OTHERS,OTHERS,
Vg,female,General,WA,ONE,CBSE,CBSE,ENGLISH,Excellent,Excellent,DOCTOR,DOCTOR,192
Vg,female, gENERAL ,WA,ONE,CBSE,CBSE,ENGLISH,Excellent,Excellent,OTHERS,HOUSE_WIFE,33
Vg,male,OBC,OA,TWO,CBSE,CBSE,ENGLISH,Excellent,Good,OTHERS,HOUSE_WIFE,439
Vg,male,General,WA,ONE,CBSE,CBSE, english ,Excellent,Excellent,,HOUSE_WIFE,834
Vg,male,General,WA,THREE,SEBA,AHSEC,OTHERS,Excellent,Vg,SCHOOL_TEACHER,HOUSE_WIFE,921
Vg,female,General,WA,TWO,OTHERS,AHSEC,ENGLISH,Excellent,Vg,COLLEGE_TEACHER,HOUSE_WIFE,bad
Vg,male,General,WA,THREE,SEBA, ahsec ,OTHERS,Vg,Vg,CULTIVATOR,HOUSE_WIFE,553
Vg,female,General,WA,THREE,SEBA,AHSEC,ENGLISH,Excellent,Excellent,COLLEGE_TEACHER,SCHOOL_TEACHER,916
Vg,female,General,WA,TWO,CBSE,CBSE,ENGLISH,Excellent, eXCELLENT ,COLLEGE_TEACHER,ENGINEER,unknown
Vg,male,General,WA,TWO,CBSE,CBSE,ENGLISH,Excellent,Vg,BANK_OFFICIAL,HOUSE_WIFE,unknown
Vg,male,General,OA, two ,CBSE,CBSE,ENGLISH,Excellent,Vg, others ,HOUSE_WIFE,180
Vg,male,General,WA,THREE,CBSE,CBSE,ENGLISH,Excellent,Vg,OTHERS,HOUSE_WIFE,unknown
Vg,male,General,WA,TWO,CBSE,CBSE,ENGLISH,Excellent,Excellent,BANK_OFFICIAL,HOUSE_WIFE,316
Vg,male,General,WA,TWO,CBSE,CBSE,ENGLISH,Excellent,Vg,BUSINESS,HOUSE_WIFE,195
Vg,male,General,WA,TWO,CBSE,AHSEC,ENGLISH,Excellent,Excellent,BUSINESS,HOUSE_WIFE,369
Vg,female, obc ,WA,TWO,SEBA, ahsec , english ,Excellent, eXCELLENT ,BUSINESS,SCHOOL_TEACHER,603
Vg,female,OBC,NO,ONE,CBSE,CBSE,ENGLISH,Vg,Good, business ,SCHOOL_TEACHER,unknown
Vg,female,General,WA,TWO,CBSE,CBSE,ENGLISH,Excellent,Vg,OTHERS,SCHOOL_TEACHER,
Vg,male,General,WA,TWO,SEBA,AHSEC,OTHERS,Excellent,Vg,OTHERS,HOUSE_WIFE,330
Vg,male,SC,WA,ONE,SEBA,AHSEC,ENGLISH,Vg,Excellent,OTHERS,HOUSE_WIFE,596
Vg, NAN ,SC,WA,ONE,OTHERS,AHSEC,ENGLISH,Excellent,Excellent,ENGINEER,HOUSE_WIFE,bad
Vg,male,General,WA,,SEBA,AHSEC,ENGLISH,Vg,Excellent,ENGINEER,HOUSE_WIFE,675
Vg,female,OBC,NO,ONE,CBSE,AHSEC,ENGLISH,Excellent,Excellent,OTHERS,HOUSE_WIFE,141
Vg,male,General,WA,ONE,SEBA,AHSEC,ENGLISH,Vg,Excellent,OTHERS, house_wife ,347
Good,female,OBC,WA,TWO,SEBA,AHSEC,ENGLISH,Excellent,Excellent,OTHERS,HOUSE_WIFE,648
 gOOD ,female,General,WA,THREE,SEBA,AHSEC,ASSAMESE,Excellent, vG ,SCHOOL_TEACHER,HOUSE_WIFE,216
Good,male,SC,,TWO,SEBA,CBSE,OTHERS,Vg,Good,OTHERS,HOUSE_WIFE,unknown
Good,male,General,NO,ONE,SEBA,AHSEC,OTHERS,Excellent, NAN ,SCHOOL_TEACHER,SCHOOL_TEACHER,321
Good,male,General,WA,THREE, seba ,AHSEC,ASSAMESE,Vg,Vg,SCHOOL_TEACHER, school_teacher ,678
Good,female,General,NO,ONE,CBSE,CBSE,ENGLISH,Excellent,Excellent,OTHERS,HOUSE_WIFE,bad
Good,male,General,NO,TWO,SEBA, ahsec ,OTHERS,Excellent,,OTHERS,HOUSE_WIFE,129
Good,male,SC,OA,TWO,CBSE,CBSE,ENGLISH,Excellent,Excellent,OTHERS,OTHERS,unknown
Good,female,OBC,WA,ONE,CBSE,CBSE,ENGLISH,Excellent,Excellent,OTHERS, house_wife ,194
Good,female,General,WA,ONE,OTHERS,CBSE, english ,Excellent,Excellent,ENGINEER, doctor ,741
Good,male,OBC,WA,ONE,SEBA,AHSEC,ENGLISH,Excellent,Excellent,OTHERS,HOUSE_WIFE,566
Good,male,General,WA,TWO,SEBA,AHSEC,OTHERS,Average,Good,SCHOOL_TEACHER,HOUSE_WIFE,
Good,male,OBC,WA,TWO, cbse ,CBSE,ENGLISH,Excellent,Excellent,SCHOOL_TEACHER,HOUSE_WIFE,unknown
Good,female,General,WA,TWO,SEBA,CBSE,ENGLISH,Excellent,Vg,BANK_OFFICIAL,HOUSE_WIFE,
Good,male,General,WA,TWO,SEBA,AHSEC,ASSAMESE,Excellent,Excellent,SCHOOL_TEACHER,SCHOOL_TEACHER,432
Good,female,OBC,,TWO,SEBA,AHSEC,ENGLISH,Excellent,Excellent,OTHERS,SCHOOL_TEACHER,688
Good,female,General, wa ,THREE, cbse ,CBSE,ENGLISH,Excellent,Vg,BUSINESS,HOUSE_WIFE,
Good,male,OBC,OA,FOUR,SEBA,OTHERS,ENGLISH,Vg,,COLLEGE_TEACHER,HOUSE_WIFE,30
Good,female,OBC,WA,TWO,SEBA,AHSEC,ENGLISH,Excellent, eXCELLENT ,OTHERS,HOUSE_WIFE,unknown
Good,male,General,OA,TWO,SEBA,CBSE,ENGLISH,Excellent,Excellent, NAN , house_wife ,335
Good,female,General,WA,TWO,SEBA,CBSE,ENGLISH,Excellent,Excellent,BANK_OFFICIAL,HOUSE_WIFE,793
 gOOD ,female,General,WA,TWO,SEBA,AHSEC,ENGLISH,Excellent,Excellent,SCHOOL_TEACHER,SCHOOL_TEACHER,bad
Good,female,General,WA,TWO,CBSE,CBSE,ENGLISH,Excellent,Excellent,BUSINESS,HOUSE_WIFE,576
Good,male,General,WA,THREE,SEBA,AHSEC,ENGLISH,Good, vG ,BUSINESS,HOUSE_WIFE,360
Good,,OBC,WA, two ,SEBA,AHSEC,ENGLISH,Excellent,Vg, school_teacher ,HOUSE_WIFE,853
Good,male,General,NO,TWO,SEBA,AHSEC,ENGLISH,Excellent,Excellent,ENGINEER,COLLEGE_TEACHER,unknown
Good,male,General,NO,TWO,CBSE,CBSE,ENGLISH,Excellent,Vg,SCHOOL_TEACHER,HOUSE_WIFE,896
Good,male,General,NO,ONE,SEBA,AHSEC, english , vG ,Vg,OTHERS,HOUSE_WIFE,207
 gOOD , FEMALE ,General,WA,TWO,SEBA,CBSE,ENGLISH,Good,Vg,BUSINESS,HOUSE_WIFE,bad
 gOOD ,male,General,NO,ONE,CBSE,CBSE, english , eXCELLENT ,Excellent,OTHERS,HOUSE_WIFE,24
Good,male,SC,WA,THREE,CBSE,CBSE,ENGLISH,Excellent,Excellent,OTHERS,HOUSE_WIFE,unknown
Good,male,General,OA,ONE,CBSE,CBSE, english ,Excellent,Excellent,ENGINEER,HOUSE_WIFE,
Good,female,General,WA,ONE,SEBA,AHSEC,ENGLISH,Excellent,Excellent,BANK_OFFICIAL,OTHERS,547
Good,female,General,WA,TWO,CBSE, cbse ,ENGLISH,Excellent,Excellent,COLLEGE_TEACHER,SCHOOL_TEACHER,unknown
Good,female,General,WA,TWO,SEBA,AHSEC,ASSAMESE,Excellent,Excellent,SCHOOL_TEACHER,SCHOOL_TEACHER,597
Good,male,General,WA,THREE, seba ,AHSEC,OTHERS,Vg,Vg,SCHOOL_TEACHER,SCHOOL_TEACHER,819
Good,female,OBC,WA,ONE,SEBA,AHSEC, english , vG ,Vg,OTHERS,HOUSE_WIFE,27
Good,female,General,OA,TWO,CBSE,CBSE,ENGLISH,Excellent,Vg,ENGINEER,HOUSE_WIFE,526
Good,male,OBC,NO,TWO,SEBA,AHSEC,ENGLISH,Good,Good,OTHERS,OTHERS,739
Good,female,General,,TWO,SEBA,CBSE,ENGLISH,Excellent,Good,OTHERS,HOUSE_WIFE,424
Good,male,General,WA,TWO,SEBA,CBSE, english ,Excellent,Vg,OTHERS,HOUSE_WIFE,925
 gOOD ,female,OBC,OA, three ,CBSE,CBSE,ENGLISH,Vg,Vg,BUSINESS,HOUSE_WIFE,662
Good,female,General,NO,ONE,SEBA,AHSEC,ENGLISH,Excellent, eXCELLENT ,DOCTOR,DOCTOR,34
Good,female,General,NO,ONE,SEBA,AHSEC,ENGLISH,Excellent,Excellent, engineer ,HOUSE_WIFE,
Good,male,General,NO,ONE,CBSE,AHSEC,ENGLISH,Excellent,Excellent,OTHERS,SCHOOL_TEACHER,383
Good,male,General,WA,TWO,SEBA,AHSEC,ASSAMESE,Excellent,Vg,OTHERS,HOUSE_WIFE,131
Good,male,OBC,OA,TWO,CBSE,CBSE,ENGLISH,Vg,Vg,DOCTOR,HOUSE_WIFE,950
Good,male,General,WA,THREE,SEBA,AHSEC,ENGLISH,Excellent,Excellent,OTHERS,HOUSE_WIFE,222
Good,male,OBC,NO,FIVE,SEBA,AHSEC,OTHERS,Good,Average,SCHOOL_TEACHER,HOUSE_WIFE,83
Good,male,General,WA,TWO, cbse ,CBSE,ENGLISH,Excellent,Vg,OTHERS,HOUSE_WIFE,222
Good,male,OBC,OA,TWO,CBSE,CBSE,ENGLISH,Excellent,Excellent,BUSINESS,OTHERS,823
Good,male,OBC,NO,ONE,CBSE,CBSE,ENGLISH,Excellent,Excellent,OTHERS,HOUSE_WIFE,bad
Good,female,OBC,WA,SEVEN,CBSE,CBSE,ENGLISH,Excellent,Good,OTHERS,HOUSE_WIFE,819
Good,male,SC,WA,TWO,SEBA,AHSEC,ENGLISH,Excellent,Excellent,DOCTOR,HOUSE_WIFE,461
Good,female,SC,WA,TWO,CBSE,CBSE,ENGLISH,Excellent,Excellent,OTHERS,HOUSE_WIFE,bad
Good,female,OBC,WA,ONE,SEBA,AHSEC,ENGLISH,Vg,Excellent,DOCTOR,HOUSE_WIFE,387
Good,female,OBC,WA,ONE,SEBA,AHSEC,OTHERS,Excellent,Excellent,BUSINESS,HOUSE_WIFE,199
 gOOD ,male,General,WA,TWO,CBSE,CBSE,ENGLISH,Excellent,Vg,OTHERS,OTHERS,556
Good,female,OBC,WA,THREE,SEBA,AHSEC,ENGLISH,Excellent,Excellent,OTHERS,OTHERS,269
Good,male,OBC,WA,TWO,SEBA,AHSEC, assamese ,Excellent,Vg,SCHOOL_TEACHER,HOUSE_WIFE,970
Good,female,General,WA,TWO,SEBA,AHSEC,ENGLISH, eXCELLENT ,Excellent,DOCTOR,HOUSE_WIFE,377
Good,female,General,OA,ONE,CBSE,CBSE,ENGLISH,Excellent,Excellent,SCHOOL_TEACHER,SCHOOL_TEACHER,314
Good,female,General,NO,ONE,SEBA,AHSEC,ENGLISH,Excellent,Excellent,SCHOOL_TEACHER,SCHOOL_TEACHER,unknown
Good,female,OBC,NO,TWO,SEBA,AHSEC,ENGLISH,Excellent,Vg,BUSINESS,HOUSE_WIFE,520
Good,female,General,NO,ONE,CBSE,CBSE,ENGLISH,Excellent,Excellent,DOCTOR,HOUSE_WIFE,170
Good,male,General,WA,THREE,SEBA,AHSEC,OTHERS,Vg,Good,SCHOOL_TEACHER,HOUSE_WIFE,480
Good,female,OBC,WA, two ,CBSE,CBSE,ENGLISH,Excellent,Excellent,SCHOOL_TEACHER, others ,
Good,male,General,WA,TWO,SEBA,AHSEC,ENGLISH,Excellent,Excellent,OTHERS,HOUSE_WIFE,716
Good,male,General,WA,ONE,CBSE,CBSE,ENGLISH,Excellent,Vg,OTHERS,HOUSE_WIFE,573
Good,female,OBC,WA, one ,CBSE,CBSE,ENGLISH, eXCELLENT ,Excellent,OTHERS,OTHERS,730
Good,male,General, wa ,TWO,CBSE,CBSE,ENGLISH,Excellent,Excellent,BUSINESS,HOUSE_WIFE,
Good,male,General,WA,ONE,SEBA,AHSEC, english ,,Excellent,DOCTOR,HOUSE_WIFE,729
,male,General,WA,ONE,SEBA,AHSEC,ENGLISH,Excellent,Excellent, school_teacher ,HOUSE_WIFE,340
Good,female,OBC,WA,TWO, cbse , cbse ,ENGLISH,Excellent,Vg,OTHERS,HOUSE_WIFE,201
Good,female,OBC,WA,ONE,CBSE, cbse ,ENGLISH,Excellent,Excellent,OTHERS,OTHERS,529
Good,female,OBC,WA,TWO,SEBA,AHSEC,ENGLISH,Excellent,Excellent,OTHERS,SCHOOL_TEACHER,449
Good,female,OBC,WA,THREE,SEBA,AHSEC,OTHERS, gOOD ,Good,BUSINESS,HOUSE_WIFE,313
Good,male,General,WA,TWO,CBSE,,ENGLISH,Excellent,Excellent,OTHERS,HOUSE_WIFE,811
Good,female,OBC,WA,FOUR,SEBA,AHSEC,ENGLISH,Vg,Good,BUSINESS,HOUSE_WIFE,bad
Good,female,OBC,OA,TWO,SEBA,AHSEC,ENGLISH,Excellent,Excellent,SCHOOL_TEACHER,SCHOOL_TEACHER,unknown
Good,female,OBC,WA,TWO,CBSE,CBSE,ENGLISH,Excellent,Excellent, doctor ,OTHERS,680
Good,male,General,WA,TWO,SEBA,AHSEC, others ,Excellent,Excellent,OTHERS,SCHOOL_TEACHER,984
Good,male,General,WA, two ,SEBA,AHSEC,OTHERS,Excellent, vG ,OTHERS,OTHERS,11
Good,female,General,NO,ONE,SEBA,AHSEC,ENGLISH,Excellent,Excellent,SCHOOL_TEACHER,SCHOOL_TEACHER,364
Good,female,OBC,NO,ONE,SEBA,AHSEC,ENGLISH,Excellent,,OTHERS,HOUSE_WIFE,737
Good, MALE , gENERAL ,WA,ONE,SEBA, ahsec ,ENGLISH,Excellent,Excellent,SCHOOL_TEACHER,SCHOOL_TEACHER,497
Good,male,OBC,OA,TWO,SEBA,AHSEC,ENGLISH,Excellent,Excellent,DOCTOR,HOUSE_WIFE,
Good,male,OBC,NO,THREE,SEBA,AHSEC,ENGLISH,Excellent,Vg,OTHERS,HOUSE_WIFE,474
Good, FEMALE ,General,WA,THREE, seba ,AHSEC,ASSAMESE,Excellent,Vg,DOCTOR,OTHERS,
Good,female, gENERAL ,WA,ONE,SEBA,CBSE,ENGLISH,Excellent,Excellent, business ,HOUSE_WIFE,433
Good,male,General,NO,ONE, seba ,AHSEC,OTHERS,Excellent,Excellent,CULTIVATOR,HOUSE_WIFE,404
 gOOD ,female,General,WA,TWO,CBSE, cbse ,ENGLISH,Excellent,Excellent,DOCTOR,OTHERS,845
Good,male,General,WA,ONE,SEBA,AHSEC,ENGLISH,Excellent,Excellent,OTHERS,HOUSE_WIFE,147
Good,female,General,NO,TWO,CBSE,CBSE,ENGLISH,Excellent,Vg,OTHERS,HOUSE_WIFE,155
Good,male,General,WA,ONE,SEBA,AHSEC,ENGLISH,Excellent,Excellent,OTHERS,HOUSE_WIFE,141
Good,female,SC,NO,THREE,SEBA,AHSEC,ENGLISH,Excellent,Excellent,BUSINESS,HOUSE_WIFE,567
Good,female,General,WA,TWO,SEBA,AHSEC,ENGLISH, eXCELLENT , eXCELLENT ,OTHERS,OTHERS,995
Good,female,General,WA, one , cbse ,CBSE,ENGLISH,Excellent,Good,BUSINESS,HOUSE_WIFE,618
Good,male,General,WA,TWO,SEBA,AHSEC,ENGLISH,Vg,Vg,SCHOOL_TEACHER,SCHOOL_TEACHER,816
Good,male,General,NO,ONE,SEBA,AHSEC,OTHERS,Excellent,Excellent,SCHOOL_TEACHER,HOUSE_WIFE,851
Good,male,OBC,WA,TWO,CBSE, cbse ,ENGLISH,Excellent,Excellent,OTHERS,HOUSE_WIFE,
Good,male,General,WA,TWO,SEBA,AHSEC,ENGLISH,Excellent,Vg,OTHERS,HOUSE_WIFE,609
Good,male,General,NO,TWO,SEBA,AHSEC,OTHERS,Good,Good,SCHOOL_TEACHER,HOUSE_WIFE,243
Good,female,OBC, wa ,ONE,SEBA,AHSEC,ASSAMESE,Excellent,Excellent,OTHERS,SCHOOL_TEACHER,960
Good,male,SC,NO,ONE,CBSE,CBSE,ENGLISH, eXCELLENT ,Excellent,BUSINESS,HOUSE_WIFE,787
Good,male,General,WA,TWO,SEBA,AHSEC,ENGLISH,Vg, vG ,BUSINESS,HOUSE_WIFE,872
Good,male,OBC,WA,TWO,CBSE,CBSE,ENGLISH,Vg,Good,BUSINESS,HOUSE_WIFE,983
Good,male,General,NO,TWO,SEBA,AHSEC,ENGLISH,Vg,Vg,OTHERS, house_wife ,348
Good,male,General, wa , two ,CBSE,CBSE,ENGLISH,Excellent,Excellent,SCHOOL_TEACHER,SCHOOL_TEACHER,143
Good,male,General,WA,TWO,SEBA,AHSEC,OTHERS,Vg,Vg,SCHOOL_TEACHER,HOUSE_WIFE,859
Good,female,ST,WA,ONE,SEBA,AHSEC,OTHERS,Excellent,Excellent,SCHOOL_TEACHER,SCHOOL_TEACHER,
Good,female,General,NO,ONE,SEBA,AHSEC,ENGLISH,Excellent,Excellent,OTHERS, school_teacher ,bad
Good,female,OBC,NO,ONE,SEBA,AHSEC,ENGLISH,Excellent,Excellent,OTHERS,OTHERS,694
Good,male,SC,NO,THREE,CBSE,CBSE,ENGLISH,Excellent,Vg,OTHERS,HOUSE_WIFE,257
Good,male,OBC,WA,TWO,SEBA,AHSEC,ASSAMESE,Excellent,Vg,OTHERS,HOUSE_WIFE,354
Good,female,OBC,WA,TWO,SEBA,AHSEC,ENGLISH,Excellent,Vg,OTHERS,HOUSE_WIFE,610
Good,male,General,OA,TWO,CBSE,CBSE,ENGLISH,Excellent,Excellent,OTHERS,SCHOOL_TEACHER,394
Good,male,General,NO,TWO,CBSE,CBSE,ENGLISH,Excellent,Excellent,OTHERS,HOUSE_WIFE,281
Good,male,General,WA,TWO,CBSE,CBSE,ENGLISH,Excellent, vG ,BUSINESS,HOUSE_WIFE,209
Good,male,SC,WA,TWO,CBSE,CBSE, english , eXCELLENT ,Excellent,CULTIVATOR,HOUSE_WIFE,649
Good,male,General,OA,ONE,CBSE,CBSE,ENGLISH,Excellent, eXCELLENT ,DOCTOR,SCHOOL_TEACHER,35
Good,male,General,NO,ONE,CBSE,CBSE,ENGLISH,Excellent,Excellent,DOCTOR,HOUSE_WIFE,unknown
Good,male,General,NO,TWO,SEBA,AHSEC,OTHERS,Vg,Vg,BUSINESS,HOUSE_WIFE,
Good,male,General,WA,FOUR,SEBA,AHSEC,OTHERS,Vg,Good,SCHOOL_TEACHER,HOUSE_WIFE,734
Good,female,SC,WA,TWO,SEBA,AHSEC,ENGLISH,Excellent,Excellent,OTHERS,HOUSE_WIFE,29
 gOOD ,male,OBC,WA,TWO,CBSE,CBSE,ENGLISH,Excellent,Excellent,OTHERS,HOUSE_WIFE,419
Good,female,General, wa ,ONE,SEBA,CBSE,ENGLISH,Excellent,Excellent,BUSINESS,HOUSE_WIFE,121
Good,female,General,WA,TWO,CBSE,CBSE,ENGLISH,Excellent,Vg,OTHERS,OTHERS,587
Good,female,General,WA,TWO,SEBA,CBSE,ENGLISH, eXCELLENT ,,OTHERS,HOUSE_WIFE,bad
Good,female,OBC, wa ,TWO,,AHSEC,ENGLISH,Excellent,Excellent,OTHERS,OTHERS,25
Good,male,General,WA,TWO,CBSE,CBSE,ENGLISH,Excellent,Excellent,BUSINESS,OTHERS,411
Good,female,General,NO,ONE,SEBA,CBSE,ENGLISH,Excellent,Excellent,SCHOOL_TEACHER,SCHOOL_TEACHER,bad
Good, FEMALE ,OBC,WA,TWO,SEBA,AHSEC,ENGLISH,Excellent,Vg,OTHERS,HOUSE_WIFE,109
Good, MALE ,General,NO,ONE,CBSE,,ENGLISH,Excellent,Vg,BUSINESS,HOUSE_WIFE,495
Good,male,General,NO,ONE,SEBA,CBSE,ENGLISH,Excellent,Excellent,BUSINESS,HOUSE_WIFE,unknown
Good,female,SC,WA,ONE,OTHERS,CBSE,ENGLISH, eXCELLENT ,Excellent,DOCTOR,HOUSE_WIFE,
Good,female,OBC, wa ,ONE,SEBA,AHSEC,ENGLISH,Excellent, eXCELLENT ,DOCTOR,HOUSE_WIFE,750
Good,female,General,NO,TWO,SEBA,CBSE,ENGLISH,Excellent,Vg, business ,HOUSE_WIFE,unknown
Good,female,OBC,WA,TWO,SEBA,AHSEC,ENGLISH,Excellent,, doctor ,SCHOOL_TEACHER,942
Good,male,General,WA,THREE,CBSE,CBSE,ENGLISH,Vg,Good,OTHERS,HOUSE_WIFE,145
Good,female,General, no ,ONE,SEBA,AHSEC,ENGLISH,Excellent,Excellent,OTHERS,SCHOOL_TEACHER,605
 gOOD ,male,General,WA,THREE,SEBA,AHSEC,OTHERS,Vg,Vg,CULTIVATOR, house_wife ,
Good,male, obc ,WA,TWO,SEBA,AHSEC,ASSAMESE,Excellent,Excellent,SCHOOL_TEACHER,SCHOOL_TEACHER,
Good,female,General,WA,ONE,OTHERS,CBSE,ENGLISH,Excellent, eXCELLENT ,BUSINESS,HOUSE_WIFE,943
Good,male,General,WA,THREE,SEBA,AHSEC,OTHERS,Vg,Vg,SCHOOL_TEACHER,HOUSE_WIFE,702
Good,female,General,NO, three , cbse ,CBSE,ENGLISH,Excellent,Good,BUSINESS,OTHERS,
Good,female,General,WA,TWO,CBSE,CBSE,ENGLISH, eXCELLENT ,Excellent,BUSINESS,SCHOOL_TEACHER,52
Good,male,General,OA,TWO,CBSE,CBSE,ENGLISH,Excellent,Vg,SCHOOL_TEACHER,HOUSE_WIFE,675
Good, FEMALE ,ST,NO,ONE,SEBA,AHSEC,OTHERS,Excellent,Excellent,OTHERS,HOUSE_WIFE,unknown
Good,female,OBC,OA,ONE,OTHERS,CBSE,ENGLISH,Excellent,Excellent,BUSINESS,HOUSE_WIFE,49
Good,female, gENERAL , wa , two ,CBSE,CBSE,ENGLISH,Excellent,Excellent,OTHERS,OTHERS,986
Good,male,General,WA,TWO,SEBA,AHSEC,ASSAMESE,Excellent,Excellent,DOCTOR,SCHOOL_TEACHER,718
Good,female,General,WA,TWO,CBSE,CBSE,ENGLISH,Excellent,Excellent,OTHERS, house_wife ,462
Good,female,SC,NO,ONE,SEBA,AHSEC,ENGLISH,Excellent,Excellent,SCHOOL_TEACHER,SCHOOL_TEACHER,
Good,female,General, wa ,ONE,SEBA,AHSEC,OTHERS,Excellent,Excellent,OTHERS,HOUSE_WIFE,271
Good,male,General,WA,THREE,SEBA,AHSEC,ENGLISH,Excellent,Vg,SCHOOL_TEACHER,,451
Good,male,OBC,NO,TWO,SEBA,AHSEC,ENGLISH,Good,Vg,OTHERS,OTHERS,57
Good,male,General,WA,TWO,SEBA,AHSEC,OTHERS,Vg,Excellent,SCHOOL_TEACHER,HOUSE_WIFE,367
Good,male,General,WA,THREE,CBSE,CBSE, english ,Good,Good,SCHOOL_TEACHER,HOUSE_WIFE,217
Good,male, sc ,WA,TWO,SEBA,AHSEC,ASSAMESE,Excellent,Vg,SCHOOL_TEACHER,HOUSE_WIFE,112
Good,male,General,WA,TWO,SEBA,AHSEC,OTHERS,Good,Vg,SCHOOL_TEACHER,OTHERS,125
 gOOD ,male,General,NO,ONE,SEBA,AHSEC,, eXCELLENT ,Excellent,SCHOOL_TEACHER,HOUSE_WIFE,345
Good,female,General,WA,ONE,SEBA,AHSEC,ENGLISH,Excellent,Excellent,BUSINESS,HOUSE_WIFE,382
Good,male,General,OA,TWO,CBSE,CBSE,ENGLISH,Excellent,Excellent,CULTIVATOR,HOUSE_WIFE,350
Good,male,General,OA,ONE,CBSE,CBSE,ENGLISH,Excellent,Excellent,,,689
Good,male,General,WA,TWO,SEBA,AHSEC,OTHERS,Vg,Excellent,OTHERS,SCHOOL_TEACHER,522
Good,male,General,WA,TWO,CBSE,AHSEC,ENGLISH,Excellent,Excellent,SCHOOL_TEACHER,SCHOOL_TEACHER,192
Good,female,OBC,NO,ONE,CBSE,CBSE,,Excellent,Vg, others ,OTHERS,972
Good,female,OBC,WA,TWO,SEBA,AHSEC,ASSAMESE,Excellent,Excellent,DOCTOR,HOUSE_WIFE,730
Good,male,General,NO,ONE,CBSE,CBSE,ENGLISH,Excellent,Excellent,OTHERS,OTHERS,
Good,male,SC,WA,ONE,SEBA,AHSEC, others ,Excellent,Excellent,OTHERS,HOUSE_WIFE,49
Good,male,General,WA,TWO,SEBA,AHSEC,OTHERS,Vg,Vg,OTHERS,HOUSE_WIFE,bad
Good,male,General,WA, one ,CBSE,CBSE,ENGLISH,Excellent,Excellent,OTHERS, house_wife ,bad
Good,male,OBC,WA,ONE,SEBA,AHSEC,ENGLISH,Excellent,Excellent,OTHERS,HOUSE_WIFE,461
Good,female, gENERAL , wa ,TWO,CBSE, cbse ,ENGLISH,Excellent, eXCELLENT ,OTHERS,HOUSE_WIFE,161
Good,male,OBC,NO,TWO,SEBA,AHSEC,OTHERS,Average,Good,OTHERS,HOUSE_WIFE,107
Good,male,General,,ONE,, cbse ,ENGLISH,Excellent,Excellent,OTHERS,HOUSE_WIFE,289
Good,female, obc ,WA,TWO,SEBA,AHSEC, english ,Vg,Vg,DOCTOR,HOUSE_WIFE,230
Good,male,General,NO,ONE,CBSE,CBSE,ENGLISH,Excellent,Excellent,OTHERS,HOUSE_WIFE,209
Good,male,OBC,WA,THREE,SEBA,AHSEC,ASSAMESE,Good,Average,OTHERS,HOUSE_WIFE,unknown
Good,male,OBC,WA,THREE,CBSE,CBSE,ENGLISH,Excellent,Vg,OTHERS,SCHOOL_TEACHER,46
Good,male,OBC,WA,TWO,CBSE,CBSE,ENGLISH,Excellent,Excellent,BUSINESS,HOUSE_WIFE,unknown
Good,male,OBC,NO,THREE,CBSE,AHSEC,ASSAMESE,Vg,Good,SCHOOL_TEACHER,HOUSE_WIFE,
Good,female,OBC,WA,TWO,SEBA,CBSE,ENGLISH,Excellent,Vg,OTHERS,OTHERS,865
Good,male,OBC,NO,ONE,SEBA,CBSE,ENGLISH,Excellent,Excellent,BUSINESS,HOUSE_WIFE,unknown
Good,female,OBC,WA,FOUR,SEBA,AHSEC,ASSAMESE,Excellent,Vg,BUSINESS,OTHERS,unknown
Good,female,OBC,WA,FOUR,SEBA,AHSEC,ENGLISH,Vg,Vg,BUSINESS,HOUSE_WIFE,991
Good,female,OBC,WA,THREE,SEBA,AHSEC,ENGLISH, eXCELLENT ,Vg,OTHERS,HOUSE_WIFE,578
Good, FEMALE , obc ,WA,TWO,SEBA,AHSEC,ASSAMESE,Excellent,Excellent,CULTIVATOR,SCHOOL_TEACHER,390
Good,female,OBC,WA,THREE,SEBA,AHSEC,ASSAMESE,Excellent,Vg,OTHERS,SCHOOL_TEACHER,491
Good,male,OBC,WA, one ,SEBA,AHSEC,ENGLISH,Excellent,Good,SCHOOL_TEACHER,SCHOOL_TEACHER,213
Good,male,OBC,NO,ONE,SEBA,AHSEC,ENGLISH,Excellent,Excellent,DOCTOR,OTHERS,397
Good,male,OBC,WA,THREE,CBSE,CBSE,ENGLISH,Good,Excellent,OTHERS,HOUSE_WIFE,936
Good,female,OBC,WA,ONE,SEBA,AHSEC,ENGLISH,Excellent,Excellent,OTHERS,SCHOOL_TEACHER,unknown
Good,female,OBC,NO,ONE,SEBA,AHSEC,ENGLISH,Excellent,Excellent,SCHOOL_TEACHER,HOUSE_WIFE,430
Good,female,OBC,OA,TWO,SEBA,AHSEC, english ,Excellent,Excellent,OTHERS,HOUSE_WIFE,124
 gOOD ,female,OBC,WA, two ,SEBA,AHSEC,ENGLISH,Excellent,Excellent,DOCTOR,HOUSE_WIFE,906
Good,female, obc ,WA,TWO,CBSE,CBSE,ENGLISH,Excellent,Excellent,DOCTOR,HOUSE_WIFE,unknown
Good,female,OBC,WA, one ,SEBA,AHSEC,ENGLISH,Vg,Excellent,BUSINESS,HOUSE_WIFE,721
Good,male,OBC,WA,THREE,CBSE,CBSE,ENGLISH,Excellent,Vg,BUSINESS,HOUSE_WIFE,303
Average,female, obc ,WA,TWO,SEBA,AHSEC,ASSAMESE,Excellent,Excellent,SCHOOL_TEACHER,HOUSE_WIFE,278
 aVERAGE ,male,OBC,WA,TWO,SEBA,AHSEC,ENGLISH,Excellent,Excellent,BUSINESS,HOUSE_WIFE,171
Average,female,OBC,WA,ONE,SEBA,CBSE,ENGLISH,Excellent,Excellent,OTHERS,HOUSE_WIFE,unknown
Average,male,OBC,WA,TWO,SEBA,AHSEC,ENGLISH,Vg,Good,OTHERS,HOUSE_WIFE,677
Average,female,OBC,WA,TWO,SEBA,AHSEC,ASSAMESE,Excellent,Excellent,DOCTOR,HOUSE_WIFE,416
Average,male,OBC,WA,ONE,, cbse ,ENGLISH,Excellent,Excellent, others ,SCHOOL_TEACHER,24
Average,female,OBC,,THREE,SEBA,AHSEC,ASSAMESE,Excellent,Vg,SCHOOL_TEACHER,HOUSE_WIFE,bad
Average,male,OBC,WA,TWO, cbse ,CBSE,ENGLISH,Excellent,Excellent,OTHERS,HOUSE_WIFE,bad
Average,female,OBC,NO,ONE,SEBA,AHSEC,ENGLISH, eXCELLENT ,Excellent, business ,HOUSE_WIFE,401
Average,male,OBC,WA,THREE,SEBA,AHSEC,ASSAMESE,Vg,Good,BUSINESS,HOUSE_WIFE,unknown
Average,male,OBC,OA,TWO,CBSE,CBSE,ENGLISH,Excellent,Excellent,DOCTOR,OTHERS,962
Average,female,OBC,WA, two ,SEBA,AHSEC,ASSAMESE,Excellent,Excellent,OTHERS,HOUSE_WIFE,unknown
Average,male,OBC,WA,TWO,SEBA,AHSEC,ENGLISH,Vg,Vg,OTHERS,OTHERS,
Average,female,OBC,WA,TWO,SEBA,AHSEC,ENGLISH,Excellent,Excellent,OTHERS,HOUSE_WIFE,487
Average,female,OBC,NO,TWO,SEBA, ahsec ,ASSAMESE,Vg,Good,OTHERS, house_wife ,45
Average,male,OBC,NO,TWO,CBSE,CBSE,,Excellent,Excellent,SCHOOL_TEACHER,HOUSE_WIFE,495
Average,female,OBC,WA,ONE,CBSE,,ENGLISH, eXCELLENT ,Excellent,OTHERS,HOUSE_WIFE,576
Average,male,OBC,WA,TWO,SEBA,AHSEC,ENGLISH,Excellent,Vg,BUSINESS,HOUSE_WIFE,773
Average,male,OBC,NO,TWO,SEBA,AHSEC,ENGLISH,Vg,Vg,OTHERS,HOUSE_WIFE,336
Average,male,OBC,WA,ONE,SEBA,CBSE,ENGLISH,Vg,Vg,BUSINESS,HOUSE_WIFE,36
Average,male,OBC,WA,THREE,CBSE,CBSE,ENGLISH,Excellent,Good,OTHERS,OTHERS,454
Average,male,OBC,NO,FOUR,SEBA,AHSEC,OTHERS,Vg,Average,SCHOOL_TEACHER,HOUSE_WIFE,427
,female,OBC,NO,ONE,SEBA,AHSEC,ENGLISH,Excellent, eXCELLENT , others ,SCHOOL_TEACHER,624
Average,male,OBC,WA, two ,SEBA,AHSEC,ASSAMESE,Excellent,Vg,OTHERS,HOUSE_WIFE,99
Average,male,OBC,NO,TWO,SEBA,AHSEC,ASSAMESE,Excellent,Excellent,BUSINESS,SCHOOL_TEACHER,613
Good,female,SC,WA,THREE, cbse ,CBSE,ENGLISH,Excellent,Excellent,OTHERS,HOUSE_WIFE,
 gOOD ,male,SC,WA,THREE,SEBA,AHSEC, english ,Vg,Good,SCHOOL_TEACHER,HOUSE_WIFE,bad
Good,female,SC,WA,TWO,SEBA,AHSEC,ENGLISH,Excellent,Vg,BUSINESS,HOUSE_WIFE,983
Good,female,SC,NO,TWO,SEBA,AHSEC,OTHERS,Excellent,Excellent,ENGINEER,HOUSE_WIFE,227
Good,female,SC,OA,TWO,SEBA,,ENGLISH, eXCELLENT ,Vg,OTHERS,HOUSE_WIFE,753
Good,female,SC,WA,THREE,SEBA,AHSEC,ENGLISH, vG ,Vg,OTHERS,HOUSE_WIFE,bad
Good,male,SC,WA,TWO,CBSE,CBSE,ENGLISH,Excellent,Excellent,CULTIVATOR,HOUSE_WIFE,985
Average,female,SC,NO,TWO,CBSE,CBSE,ENGLISH,Excellent, eXCELLENT ,ENGINEER, house_wife ,unknown
Average,female,SC,WA,TWO,CBSE,CBSE,ENGLISH,Excellent,Excellent,OTHERS,HOUSE_WIFE,746
Average,female,SC,WA,THREE,SEBA,AHSEC,ENGLISH,Excellent,Excellent,BUSINESS,HOUSE_WIFE,777
Average,,SC,WA,ONE,SEBA,AHSEC,ASSAMESE,Good,Good,OTHERS,HOUSE_WIFE,608
Average,female,SC,WA,TWO,SEBA,AHSEC,ENGLISH,Excellent,Excellent,OTHERS,HOUSE_WIFE,bad
Average,female,SC,WA,THREE,SEBA,AHSEC,ASSAMESE,Good,Good,SCHOOL_TEACHER,HOUSE_WIFE,unknown
Average,female,SC,WA,ONE,SEBA,CBSE,ENGLISH,Excellent,Excellent,BUSINESS,HOUSE_WIFE,476
 aVERAGE ,female,SC,WA,THREE,CBSE,CBSE,ENGLISH,Vg, vG ,BANK_OFFICIAL,OTHERS,659
Average,female,SC,NO,ONE,SEBA,AHSEC,ASSAMESE,Excellent,Excellent,OTHERS,HOUSE_WIFE,613
 aVERAGE , FEMALE ,SC,, two ,SEBA,AHSEC,ASSAMESE,Average,Good,BUSINESS,HOUSE_WIFE,unknown
Average, MALE ,SC,NO,ONE,,CBSE,ENGLISH,Excellent,Excellent,OTHERS,HOUSE_WIFE,117
Average,female,SC,NO, two ,CBSE,CBSE,ENGLISH,Excellent,Excellent,OTHERS, others ,bad
Average,female,SC,WA,TWO,SEBA,AHSEC,ENGLISH,Excellent,Vg,BUSINESS,HOUSE_WIFE,937
Average, MALE ,SC,WA,TWO,CBSE,CBSE,ENGLISH,Excellent,Excellent,OTHERS,HOUSE_WIFE,520
Average,male,SC,WA,TWO,SEBA,AHSEC,ASSAMESE,Vg, vG ,CULTIVATOR,HOUSE_WIFE,636
Average,male,SC,WA,TWO,CBSE,CBSE,ENGLISH, NAN ,,SCHOOL_TEACHER,OTHERS,258
Average,male,SC,WA,TWO,SEBA,AHSEC,ENGLISH,Excellent,Excellent,BUSINESS,SCHOOL_TEACHER,unknown
 aVERAGE ,female,SC,WA,TWO,SEBA,AHSEC,ENGLISH,Excellent,Vg,OTHERS,HOUSE_WIFE,bad
Average, MALE ,SC,NO,ONE,SEBA,CBSE,ENGLISH,Excellent,Excellent,BUSINESS,HOUSE_WIFE,
Average,female,SC,WA,TWO,SEBA,AHSEC,OTHERS,Excellent,Vg, school_teacher ,HOUSE_WIFE,146
Average,male,SC,NO,ONE,SEBA,AHSEC,ENGLISH,Excellent,Excellent,OTHERS,OTHERS,unknown
 aVERAGE ,male,SC,NO,TWO,SEBA,AHSEC, english ,Vg,Vg,OTHERS,HOUSE_WIFE,565
Average,female,SC,NO,TWO,SEBA,CBSE,ENGLISH,Vg,Vg,DOCTOR,SCHOOL_TEACHER,280
Average,female,SC,WA,THREE,SEBA,AHSEC,OTHERS,Good,Good,SCHOOL_TEACHER,OTHERS,245
 aVERAGE ,female,SC,WA,TWO,SEBA,CBSE,ENGLISH, vG , eXCELLENT ,OTHERS,HOUSE_WIFE,269
Average,female,SC,WA,TWO,SEBA,AHSEC,ENGLISH,Excellent,Vg,OTHERS,OTHERS,293
Average,male,SC,WA,TWO,SEBA,AHSEC,ENGLISH,Excellent,Vg,OTHERS,SCHOOL_TEACHER,739
Average,male, sc ,WA,TWO,,AHSEC,ASSAMESE,Excellent,Vg,SCHOOL_TEACHER,HOUSE_WIFE,499
Average,female,SC,WA,ONE,CBSE,CBSE,ENGLISH,Excellent,Excellent,ENGINEER,HOUSE_WIFE,469
Average,male,SC,NO,ONE,SEBA,AHSEC,ENGLISH,Excellent,Excellent, business ,HOUSE_WIFE,162
Average,male,,WA, two ,SEBA,AHSEC,ASSAMESE,Excellent,Excellent,ENGINEER,HOUSE_WIFE,544
Good,male,ST,WA,TWO,SEBA,AHSEC,ASSAMESE,Excellent,Excellent,SCHOOL_TEACHER,SCHOOL_TEACHER,
Good,female,ST,WA,TWO,CBSE,CBSE,ENGLISH,Excellent,Vg,BUSINESS,HOUSE_WIFE,745
Good,female,ST,WA,TWO,SEBA,AHSEC,ENGLISH,Vg,Vg,BANK_OFFICIAL,HOUSE_WIFE,446
Average,, st ,WA,TWO,,CBSE,ENGLISH,Vg,Vg,BUSINESS,HOUSE_WIFE,unknown
Average,male,ST, oa , two ,CBSE,CBSE,ENGLISH,Excellent,Excellent,OTHERS,SCHOOL_TEACHER,unknown
Average,male,ST,NO,ONE,CBSE,CBSE,ENGLISH,Excellent,Excellent,SCHOOL_TEACHER,SCHOOL_TEACHER,unknown
Average,male,ST,NO,THREE,SEBA,AHSEC,ENGLISH,Vg,Vg,SCHOOL_TEACHER,SCHOOL_TEACHER,bad
Average,male,ST,WA,TWO,CBSE, cbse , english ,Excellent,Vg,OTHERS,HOUSE_WIFE,unknown
Average,female, st ,WA,ONE,CBSE,CBSE,ENGLISH,Excellent,Vg,OTHERS,SCHOOL_TEACHER,843
Average,female,ST,WA,TWO,SEBA,CBSE,ENGLISH,,Excellent,DOCTOR,COLLEGE_TEACHER,bad
Average,female,ST,WA,ONE,SEBA,AHSEC,ENGLISH,Excellent,Excellent,OTHERS,HOUSE_WIFE,bad
Average,female,ST,WA,TWO,CBSE,CBSE,ENGLISH,Excellent,Excellent,OTHERS,HOUSE_WIFE,929
Average,male,ST,WA,ONE,SEBA,AHSEC,ENGLISH,Good,Good,ENGINEER, school_teacher ,
Average,male,ST,WA,ONE,SEBA,CBSE,ENGLISH,Excellent,Excellent,OTHERS,HOUSE_WIFE,
Average,female,ST,WA,TWO,SEBA,AHSEC, english ,Excellent,Vg,SCHOOL_TEACHER,HOUSE_WIFE,unknown
Average,male,ST,NO,ONE,CBSE, cbse ,ENGLISH,Excellent,Excellent,CULTIVATOR,HOUSE_WIFE,unknown
Average,female, st ,WA,TWO,SEBA,AHSEC,ENGLISH,Vg,Vg, bank_official ,HOUSE_WIFE,745
Average,male,ST,WA,TWO,CBSE,CBSE,ENGLISH,Excellent,Vg,CULTIVATOR,HOUSE_WIFE,9
Average,female,ST,WA,THREE,CBSE,CBSE,ENGLISH,Excellent,Good,ENGINEER,BUSINESS,945
Average,male,ST,WA,TWO,SEBA,AHSEC,ENGLISH,Excellent,Excellent, others ,HOUSE_WIFE,
Average, NAN ,ST,OA,TWO,CBSE,CBSE,ENGLISH,Excellent,Vg,BUSINESS,SCHOOL_TEACHER,bad
Average,female,ST,WA, two ,SEBA,AHSEC,ENGLISH,Vg,Vg,DOCTOR,HOUSE_WIFE,bad
Average,female,ST,WA,TWO,CBSE,CBSE,ENGLISH,Vg,Vg,OTHERS,HOUSE_WIFE,bad
Average,female, st ,WA,TWO, seba ,AHSEC,ENGLISH,Excellent,Excellent,SCHOOL_TEACHER,HOUSE_WIFE,unknown
Average,male,ST,WA,TWO,CBSE,CBSE,ENGLISH,Excellent,Good,OTHERS,HOUSE_WIFE,109
Average,female,ST, wa ,TWO,OTHERS,OTHERS,ENGLISH,Excellent,Excellent,DOCTOR,COLLEGE_TEACHER,bad
 aVERAGE ,female,ST,WA,TWO,SEBA,AHSEC,ASSAMESE,Excellent,Vg,OTHERS,OTHERS,6
Average,male,ST,OA,ONE,CBSE,CBSE,ENGLISH,Excellent,Excellent,OTHERS,HOUSE_WIFE,795
Average, FEMALE ,ST,NO,TWO,CBSE,CBSE,ENGLISH,Excellent,Excellent,BANK_OFFICIAL,HOUSE_WIFE,743
Average,male,ST,WA,TWO,SEBA,AHSEC,ASSAMESE,Excellent,Vg,BANK_OFFICIAL,HOUSE_WIFE,892
Average,female,ST,WA,ONE,SEBA,AHSEC,OTHERS,Average,Vg,OTHERS,HOUSE_WIFE,981
Average,male, st ,NO,ONE,SEBA,AHSEC,ENGLISH, eXCELLENT ,Excellent,OTHERS,OTHERS,964
Average,female,ST,WA,TWO,CBSE,CBSE,ENGLISH,Excellent,Good,ENGINEER,HOUSE_WIFE,992
Average,male,ST,WA,TWO,CBSE,CBSE,ENGLISH,Excellent,Excellent,CULTIVATOR,HOUSE_WIFE,unknown
Average,male,ST,WA,TWO,SEBA,AHSEC,ASSAMESE,Excellent,Excellent,CULTIVATOR,HOUSE_WIFE,784
Average,female,ST,WA,THREE,SEBA,AHSEC,ENGLISH,Vg,Average,OTHERS,HOUSE_WIFE,723
Average,male,ST,NO,TWO,CBSE,CBSE,ENGLISH,Vg,Good,CULTIVATOR,HOUSE_WIFE,162
Average,male, st , wa ,ONE,SEBA,AHSEC,ENGLISH,Average,Good,OTHERS,HOUSE_WIFE,136
Average,female,ST,OA,TWO,CBSE,CBSE,ENGLISH,Excellent,Vg,OTHERS,HOUSE_WIFE,977
Average,female,ST,WA,THREE,CBSE,CBSE,ENGLISH, eXCELLENT ,Vg,BANK_OFFICIAL,HOUSE_WIFE,882
Average,female,ST,WA,TWO,SEBA,,ASSAMESE,Excellent,Excellent,SCHOOL_TEACHER,SCHOOL_TEACHER,bad
Average,male,ST,OA,THREE,CBSE,CBSE, english ,Vg,Excellent, others ,HOUSE_WIFE,74
Average,female,ST,WA,TWO,SEBA, ahsec ,ENGLISH,Excellent,Vg,OTHERS,HOUSE_WIFE,unknown
Average,female,ST,WA,TWO,SEBA,AHSEC,ENGLISH,Excellent,Vg, college_teacher ,HOUSE_WIFE,5
Average,female,ST,WA,TWO,SEBA, NAN ,ENGLISH,Excellent,Good,SCHOOL_TEACHER,HOUSE_WIFE,unknown
Average,male,ST,WA,TWO,CBSE,CBSE,ENGLISH,Excellent,Vg,SCHOOL_TEACHER,HOUSE_WIFE,unknown
Average, MALE ,ST,NO,ONE,SEBA,AHSEC,ENGLISH,Average,Average,OTHERS,HOUSE_WIFE,49
Average,male,ST,NO,THREE,,CBSE,ENGLISH,Excellent,Good,OTHERS,HOUSE_WIFE,979
Average,male,ST,NO,ONE,SEBA,AHSEC,ASSAMESE,Vg,Good,CULTIVATOR,HOUSE_WIFE,825
Average,female,ST,WA,TWO,SEBA,AHSEC,ENGLISH,Excellent,Vg,OTHERS,HOUSE_WIFE,904
Average, FEMALE ,ST,WA,TWO,SEBA,AHSEC,ENGLISH,Vg,Vg,OTHERS,HOUSE_WIFE,997
Average,male,ST,NO,ONE,SEBA,AHSEC,ENGLISH,Good,Vg,OTHERS,HOUSE_WIFE,14
Average,male,,WA,TWO,SEBA,AHSEC,ENGLISH,Vg,Vg,SCHOOL_TEACHER,HOUSE_WIFE,
Average,male,ST,WA,TWO,CBSE,CBSE,ENGLISH,Excellent,Vg, others ,HOUSE_WIFE,
Average, MALE ,ST,WA,TWO,CBSE,CBSE,ENGLISH,Excellent,Vg,OTHERS,HOUSE_WIFE,781
Average,male,ST,WA,TWO,SEBA,AHSEC,ENGLISH,Excellent,Good,OTHERS,HOUSE_WIFE,265
Average,male,ST, no ,ONE,CBSE,CBSE,ENGLISH,Excellent, eXCELLENT ,SCHOOL_TEACHER,HOUSE_WIFE,390
Average,female,ST,WA,ONE,CBSE,CBSE,ENGLISH,Excellent,Excellent,ENGINEER,OTHERS,929
Average,male,ST,NO,THREE,CBSE,CBSE,ENGLISH,Excellent,Excellent,OTHERS, house_wife ,unknown
Average,female,ST,WA,TWO,SEBA,AHSEC,ENGLISH,Excellent, vG ,CULTIVATOR,OTHERS,641
Average,female,ST,WA,TWO,CBSE,CBSE,ENGLISH,Excellent,Excellent,OTHERS,HOUSE_WIFE,792
Average,female,ST,WA,TWO,CBSE, cbse ,ENGLISH,Excellent,Vg,ENGINEER,HOUSE_WIFE,798
Average,female,ST,WA,TWO,CBSE,CBSE,ENGLISH,Excellent,Good,OTHERS,HOUSE_WIFE,597
Average,male,ST,WA,TWO,CBSE,CBSE,ENGLISH,Vg,Vg,OTHERS,HOUSE_WIFE,766
Average,male,,OA,TWO,CBSE,CBSE,ENGLISH,Excellent,Vg,CULTIVATOR,HOUSE_WIFE,909
Average,female, st ,WA,ONE,SEBA,AHSEC,ENGLISH,Excellent,Excellent,SCHOOL_TEACHER,SCHOOL_TEACHER,765
 aVERAGE ,male,ST,NO, two ,SEBA,AHSEC,ENGLISH,Average,Good,BUSINESS,HOUSE_WIFE,115
Average,male,ST,NO,ONE,SEBA,AHSEC,ASSAMESE,Average,Average,CULTIVATOR,HOUSE_WIFE,bad
Average,male,ST,NO,ONE,SEBA,AHSEC,ENGLISH,Excellent,Excellent,DOCTOR,HOUSE_WIFE,305
 aVERAGE ,male,ST,OA,ONE,CBSE,CBSE,ENGLISH, vG ,Excellent,SCHOOL_TEACHER,OTHERS,unknown
Average,male,ST,WA, one ,CBSE,CBSE,ENGLISH, eXCELLENT ,Vg,ENGINEER,HOUSE_WIFE,360
Average,male,ST,WA,TWO,SEBA,AHSEC, english ,Good,Good,OTHERS,HOUSE_WIFE,219
Average,male,ST,WA,ONE,SEBA, ahsec , english ,Excellent,Excellent,OTHERS,OTHERS,bad
Average,female,ST,NO,ONE,CBSE,CBSE,ENGLISH,Excellent,Excellent, others ,DOCTOR,110
Average,female,ST,WA,TWO,SEBA,AHSEC,ENGLISH,Excellent,Vg,OTHERS,SCHOOL_TEACHER,787
Average,male,ST,WA,TWO,CBSE,AHSEC,ENGLISH,Good,Good,OTHERS, school_teacher ,658
Average,female,ST,WA,ONE,SEBA,AHSEC,,Vg,Good,ENGINEER,HOUSE_WIFE,unknown
Average,male,ST,WA,TWO,SEBA,AHSEC,ENGLISH,Vg,Vg,OTHERS,HOUSE_WIFE,bad
Average,male,ST,NO,THREE,SEBA,AHSEC,ENGLISH,Good,Average,CULTIVATOR,HOUSE_WIFE,295
Average,female,ST,WA,TWO,OTHERS,OTHERS,ENGLISH,Vg,Vg,SCHOOL_TEACHER,HOUSE_WIFE,898
Average,female,ST, wa , one ,SEBA,AHSEC,ENGLISH,Vg,Vg,OTHERS,SCHOOL_TEACHER,493
Average,male,ST,WA, three ,CBSE,CBSE,ENGLISH,Vg,Vg,BANK_OFFICIAL,HOUSE_WIFE,560
Average,female, st ,WA,ONE,SEBA,AHSEC,ENGLISH,Vg,Vg,BUSINESS,DOCTOR,28
Average,female,ST,WA,FOUR,SEBA,AHSEC,ASSAMESE,Vg,Good,CULTIVATOR,HOUSE_WIFE,762
 aVERAGE ,male,ST,NO,ONE, seba ,AHSEC,ENGLISH,Average,Good,BUSINESS,OTHERS,unknown
Average,male,ST,WA,TWO,SEBA, ahsec ,ENGLISH,Good,Good,OTHERS,SCHOOL_TEACHER,963
Average,male,ST,WA, two ,SEBA,AHSEC,ENGLISH,Vg,Good,OTHERS,HOUSE_WIFE,
 aVERAGE ,female,ST,WA,THREE,SEBA,AHSEC,ENGLISH,Good,Good, school_teacher ,HOUSE_WIFE,
Average,male,ST,WA,THREE,SEBA,AHSEC,ENGLISH,Good,Good,SCHOOL_TEACHER,HOUSE_WIFE,unknown
Average,female,ST,OA,THREE,OTHERS,OTHERS, english ,Good,Good,CULTIVATOR,HOUSE_WIFE,477
Average,female,ST,WA, two ,SEBA,AHSEC,ENGLISH,Good,Good,OTHERS,HOUSE_WIFE,470
Average,female,ST,NO,THREE, seba ,AHSEC,ENGLISH,Average,Average,SCHOOL_TEACHER,HOUSE_WIFE,949
Average,male,ST,WA,ONE,CBSE,CBSE,ENGLISH, eXCELLENT ,Excellent,OTHERS,SCHOOL_TEACHER,364
Average,female,ST,WA,TWO,SEBA,AHSEC,ENGLISH,Vg,Vg,OTHERS,OTHERS,397
Average,male,ST,NO,ONE,SEBA,AHSEC,ENGLISH,Vg,Vg,CULTIVATOR,,624
Average,female,ST,WA,TWO, cbse ,AHSEC,ENGLISH,Excellent,Good,BUSINESS,HOUSE_WIFE,170
Average,female,ST,WA,TWO,SEBA,AHSEC,ENGLISH,Excellent,Vg,OTHERS,OTHERS,828
, FEMALE ,ST,NO,ONE,SEBA,AHSEC,ENGLISH,Vg,Good,BUSINESS,SCHOOL_TEACHER,bad
Average,female,ST,WA,TWO,SEBA,CBSE,ENGLISH,Good,Vg,DOCTOR,SCHOOL_TEACHER,
Average,female,ST,WA,ONE,SEBA,AHSEC,ENGLISH,Good,Vg,OTHERS,HOUSE_WIFE,10
Average,male, st ,WA,THREE,SEBA,AHSEC,ENGLISH,Vg, gOOD ,CULTIVATOR,HOUSE_WIFE,unknown
Average,male,ST,WA,TWO,SEBA,CBSE,ENGLISH,Good,Vg,OTHERS,SCHOOL_TEACHER,582
 aVERAGE ,male,ST,WA,THREE,SEBA,AHSEC,ENGLISH,Good,Good,SCHOOL_TEACHER,HOUSE_WIFE,704
Average,female, st ,NO,ONE,SEBA,CBSE,ENGLISH,Vg,Good, business ,OTHERS,
Good,male,OBC,NO,ONE, seba ,AHSEC,ENGLISH,Excellent,Excellent,DOCTOR,OTHERS,777
Vg,male,General,WA,TWO,CBSE,CBSE,ENGLISH,Excellent,Vg,BANK_OFFICIAL,HOUSE_WIFE,321
 gOOD , MALE ,General,WA,TWO,CBSE,CBSE,ENGLISH, eXCELLENT ,Excellent,BUSINESS,OTHERS,825
Excellent,female, gENERAL ,WA,TWO,SEBA, ahsec ,ASSAMESE,Excellent,Excellent,BUSINESS,HOUSE_WIFE,194
Good,male,OBC,OA,TWO,CBSE,CBSE,ENGLISH,Excellent,Excellent,BUSINESS,OTHERS,209
 gOOD ,male,General,NO,ONE,SEBA,AHSEC,OTHERS,Excellent, eXCELLENT ,SCHOOL_TEACHER,HOUSE_WIFE,358
Vg,male,General,WA,TWO,CBSE,CBSE,ENGLISH,Excellent,Vg,BUSINESS,HOUSE_WIFE,539
 eXCELLENT ,male,General,NO,TWO,CBSE,CBSE,ENGLISH,Excellent,Good,BANK_OFFICIAL,HOUSE_WIFE,203
Average,male,OBC,WA,TWO,CBSE,CBSE,ENGLISH,Excellent,Excellent,OTHERS,HOUSE_WIFE,900
Average,female,ST,WA,TWO,SEBA,CBSE,ENGLISH,Vg,Vg,BUSINESS,HOUSE_WIFE,270
Average,male,ST,WA,TWO,SEBA,AHSEC,ENGLISH,Vg,Good,OTHERS,HOUSE_WIFE,
Vg,male, sc ,WA,TWO, seba ,AHSEC,ENGLISH,Excellent,Excellent,OTHERS,HOUSE_WIFE,
Excellent,male,General,WA,TWO,SEBA,AHSEC,ENGLISH,Excellent,Excellent,ENGINEER,COLLEGE_TEACHER,429
